Name,Additional names,Twitter-Account,Organization,Specific addresses,URL,Language,Category,Subcategory,Country
20 Minuten,20min.ch,@20min,Tamedia (20 Minuten AG),,http://www.20min.ch/,DE,Massenmediale Öffentlichkeit,Newsportal / Kostenlose Pendlerzeitung,CH
20 Minuten Basel,20min.ch,@20min,Tamedia (20 Minuten AG),,http://www.20min.ch/schweiz/basel/,DE,Massenmediale Öffentlichkeit,Newsportal / Kostenlose Pendlerzeitung,CH
20 Minuten Bern,20min.ch,@20min,Tamedia (20 Minuten AG),,http://www.20min.ch/schweiz/bern/,DE,Massenmediale Öffentlichkeit,Newsportal / Kostenlose Pendlerzeitung,CH
20 Minuten Friday,20 Minuten Friday,@20min_friday,Tamedia AG,,http://www.20min.ch/friday/,DE,Massenmediale Öffentlichkeit,Wochenmagazin,CH
20 Minuten Luzern,20min.ch,@20min,Tamedia (20 Minuten AG),,http://www.20min.ch/schweiz/zentralschweiz/,DE,Massenmediale Öffentlichkeit,Newsportal / Kostenlose Pendlerzeitung,CH
20 Minuten St. Gallen,20min.ch,@20min,Tamedia (20 Minuten AG),,http://www.20min.ch/schweiz/ostschweiz/,DE,Massenmediale Öffentlichkeit,Newsportal / Kostenlose Pendlerzeitung,CH
20 Minuten Zürich,20min.ch,@20min,Tamedia (20 Minuten AG),,http://www.20min.ch/schweiz/zuerich/,DE,Massenmediale Öffentlichkeit,Newsportal / Kostenlose Pendlerzeitung,CH
20 minutes,20min.ch,@20minutesOnline,Tamedia (20 Minuten AG),,http://www.20min.ch/ro/,FR,Massenmediale Öffentlichkeit,Newsportal / Kostenlose Pendlerzeitung,CH
20 minuti,"Ticinonline (tio), 20minuti",@Ticinonline,"
TicinOnline SA, 20 minuti Ticino SA (Tamedia AG)",,http://www.tio.ch/,IT,Massenmediale Öffentlichkeit,Newsportal / Kostenlose Pendlerzeitung,CH
24heures,24heures.ch,@24heuresch,Tamedia Publications romandes SA,,http://www.24heures.ch,FR,Massenmediale Öffentlichkeit,Tageszeitung,CH
"24Heures, éditions Lausanne","24Heures, éditions Lausanne",@24heuresch ,Tamedia Publications romandes SA,,http://www.24heures.ch/vaud-regions/lausanne-region/,FR,Massenmediale Öffentlichkeit,Tageszeitung,CH
3+,3plus,,3 Plus TV Network AG,,http://www.3plus.tv/,DE,Massenmediale Öffentlichkeit,TV-Station,CH
4+,4plus,,3 Plus TV Network AG,,http://www.4plus.tv/,DE,Massenmediale Öffentlichkeit,TV-Station,CH
5+,5plus,,3 Plus TV Network AG,,http://www.5plus.tv/,DE,Massenmediale Öffentlichkeit,TV-Station,CH
Aargauer Zeitung,Aargauer Zeitung,@AargauerZeitung,AZ Medien AG,,http://www.aargauerzeitung.ch/,DE,Massenmediale Öffentlichkeit,Tageszeitung,CH
Aargauer Zeitung,Aargauer Zeitung Aarau,@AargauerZeitung,AZ Medien AG,,http://www.aargauerzeitung.ch/aargau/aarau,DE,Massenmediale Öffentlichkeit,Tageszeitung,CH
Aargauer Zeitung,Aargauer Zeitung Baden,@AargauerZeitung,AZ Medien AG,,http://www.aargauerzeitung.ch/aargau/baden,DE,Massenmediale Öffentlichkeit,Tageszeitung,CH
Aargauer Zeitung,Aargauer Zeitung Freiamt,@AargauerZeitung,AZ Medien AG,,http://www.aargauerzeitung.ch/aargau/freiamt,DE,Massenmediale Öffentlichkeit,Tageszeitung,CH
Aargauer Zeitung,Aargauer Zeitung Fricktal,@AargauerZeitung,AZ Medien AG,,http://www.aargauerzeitung.ch/aargau/fricktal,DE,Massenmediale Öffentlichkeit,Tageszeitung,CH
AGEFI,AGEFI.COM,@Ageficom,L'AGEFI,,http://www.agefi.com,FR,Massenmediale Öffentlichkeit,Tageszeitung,CH
Allgemeiner Anzeiger für den Bezirk Zofingen,Allgemeiner Anzeiger f. d. Bezirk Zofingen,,Bisang AG,,,DE,Massenmediale Öffentlichkeit,Wochenblatt,CH
Allschwiler Wochenblatt,Allschwiler Wochenblatt,,LV Lokalzeitungen Verlags AG,,http://www.allschwilerwochenblatt.ch/startseite.cfm,DE,Massenmediale Öffentlichkeit,Wochenzeitung,CH
Alttoggenburger,Toggenburger Volksblatt,@Alttoggenburger,E. Kalberer AG,,http://www.alttoggenburger.ch/,DE,Massenmediale Öffentlichkeit,3x wöchentlich,CH
Ämme Express,Ämme Express,,Druckerei Schüpfheim AG,,http://www.aemme-express.ch/,DE,Massenmediale Öffentlichkeit,Wochenblatt,CH
Amtlicher Anzeiger Biel/Bienne Leubringen,Amtlicher Anzeiger Biel/Bienne Leubringen,,Publicitas AG,,http://www.bielerpresse.ch/_presse_213_1_1_3_1_1_process_editmode.html,"DE, FR",Massenmediale Öffentlichkeit,Wochenblatt,CH
Amtsblatt der Stadt Chur,Amtsblatt der Stadt Chur,,Stadtverwaltung Chur,,http://www.chur.ch/de/politikundverwaltung/amtsblattderstadtchur/,DE,Massenmediale Öffentlichkeit,Wochenblatt,CH
Amtsblatt des Kantons Appenzell Ausserhoden,Amtsblatt des Kantons Appenzell A.Rh.,,Appenzeller Medienhaus AG,,http://www.ar.ch/aktuell/amtsblatt/,DE,Massenmediale Öffentlichkeit,Wochenblatt,CH
Amtsblatt des Kantons Baselland,Amtsblatt des Kantons Baselland,,Landeskanzlei Basel-Landschaft,,http://www.baselland.ch/Amtsblatt.273426.0.html,DE,Massenmediale Öffentlichkeit,Wochenblatt,CH
Amtsblatt des Kantons Bern,Amtsblatt des Kantons Bern,,Staatskanzlei des Kantons Bern,,http://www.sta.be.ch/de/index/staatskanzlei/staatskanzlei/downloads_publikationen/amtsblatt.html,DE,Massenmediale Öffentlichkeit,Wochenblatt,CH
Amtsblatt des Kantons Graubünden,Amtsblatt des Kantons Graubünden,,Südostschweiz Presse und Print AG (Somedia),,http://www.gr.ch/DE/publikationen/kantonsamtsblatt/Seiten/start.aspx,DE,Massenmediale Öffentlichkeit,Wochenblatt,CH
Amtsblatt des Kantons Nidwalden,Amtsblatt des Kantons Nidwalden,,Staatskanzlei,,http://amtsblatt.unterwaldner.ch,DE,Massenmediale Öffentlichkeit,Wochenblatt,CH
Amtsblatt des Kantons Obwalden,Amtsblatt des Kantons Obwalden,,Staatskanzlei,,http://www.ow.ch/de/verwaltung/dienstleistungen/?dienst_id=2102,DE,Massenmediale Öffentlichkeit,Wochenblatt,CH
Amtsblatt des Kantons Solothurn,Amtsblatt des Kantons Solothurn,,Staatskanzlei,,http://www.so.ch/staatskanzlei/publikationen/amtsblatt/index.html,DE,Massenmediale Öffentlichkeit,Wochenblatt,CH
Amtsblatt des Kantons St.Gallen,Amtsblatt des Kantons St.Gallen,,Ostschweiz Druck AG,,http://www.sg.ch/home/publikationen___services/publikationen/amtsblatt.html,DE,Massenmediale Öffentlichkeit,Wochenblatt,CH
Amtsblatt des Kantons Uri,Amtsblatt des Kantons Uri,,Gisler Druck AG,,https://secure.i-web.ch/dweb/uri/de/aktuelles/amtsblatt/,DE,Massenmediale Öffentlichkeit,Wochenblatt,CH
Amtsblatt des Kantons Zürich,Amtsblatt des Kantons Zürich,,Zürich Unterland Medien AG,,https://www.amtsblatt.zh.ch/,DE,Massenmediale Öffentlichkeit,Wochenblatt,CH
Amtsblatt Kanton Wallis,Bulletin officiel du Canton du Valais,,Staatskanzlei des Kantons Wallis,,http://www.bo-vs.ch/,"DE,FR",Massenmediale Öffentlichkeit,Wochenblatt,CH
Andelfinger Zeitung,Andelfinger Zeitung,,Akeret Verlag + Druck AG,,http://www.andelfinger.ch/,DE,Massenmediale Öffentlichkeit,2x wöchentlich,CH
Annabelle,,,,,,,Massenmediale Öffentlichkeit,Wochenmagazin,
ANR,Agentura da Novitads Rumantscha,,"Trägerschaft (romanische Printmedien, Rundfunk, EDI, Pro Svizra Rumantscha, etc.)",,http://www.anr.ch/,"DE,RR",Massenmediale Öffentlichkeit,Nachrichtenagentur,CH
Anzeiger Aarberg,Anzeiger Aarberg,,Schwab Druck AG,,http://www.schwab-druck-lyss.ch/anzeiger/fiche.htm,DE,Massenmediale Öffentlichkeit,Wochenblatt,CH
Anzeiger aus dem Bezirk Affoltern,Anzeiger aus dem Bezirk Affoltern,,AZ Medien AG,,http://www.affolteranzeiger.ch/,DE,Massenmediale Öffentlichkeit,2x wöchentlich,CH
Anzeiger Büren und Umgebung,Anzeiger Büren und Umgebung,,Anzeiger Büren und Umgebung AG,,,DE,Massenmediale Öffentlichkeit,Wochenblatt,CH
Anzeiger Burgdorf,Anzeiger Burgdorf,,Anzeiger Burgdorf AG,,http://www.anzeigerburgdorf.ch/,DE,Massenmediale Öffentlichkeit,Wochenblatt,CH
Anzeiger Interlaken,Anzeiger Interlaken,,Schlaefli & Maurer AG,,http://www.anzeigerinterlaken.ch,DE,Massenmediale Öffentlichkeit,Wochenblatt,CH
Anzeiger Kerzers,Anzeiger Kerzers,,Freiburger Nachrichten AG,,http://www.anzeigerkerzers.ch,DE,Massenmediale Öffentlichkeit,Wochenzeitung,CH
Anzeiger Kirchberg,Anzeiger Kirchberg,,Anzeiger Kirchberg,,http://www.anzeiger-kirchberg.ch/,DE,Massenmediale Öffentlichkeit,Wochenblatt,CH
Anzeiger Konolfingen,Anzeiger Konolfingen,,Aeschbacher AG,,http://www.anzeigerkonolfingen.ch,DE,Massenmediale Öffentlichkeit,Wochenblatt,CH
Anzeiger Kt. St. Gallen/Appenzell/Liechtenstein,Anzeiger Kt. St. Gallen/Appenzell/Liechtenstein,,St. Galler Tagblatt AG,,http://www.anzeiger.biz,DE,Massenmediale Öffentlichkeit,Wochenblatt,CH
Anzeiger Luzern,Anzeiger Luzern,,Anzeiger Luzern,,http://www.anzeiger-luzern.ch,DE,Massenmediale Öffentlichkeit,Wochenblatt,CH
Anzeiger Michelsamt,Anzeiger Michelsamt,,Wallimann Druck und Verlag AG,,http://www.anzeigermichelsamt.ch,DE,Massenmediale Öffentlichkeit,Wochenblatt,CH
Anzeiger Oberes Emmental,Anzeiger Oberes Emmental,,Vögeli AG Druckzentrum,,http://www.azoe.ch,DE,Massenmediale Öffentlichkeit,Wochenblatt,CH
Anzeiger Region Bern,Anzeiger Region Bern,,Anzeiger Regio Bern,,http://www.anzeigerbern.ch,DE,Massenmediale Öffentlichkeit,2x wöchentlich,CH
Anzeiger Region Erlach,Anzeiger Region Erlach,,Dätwiler AG,,http://www.daetwiler.ch/index.asp?page=Anzeiger%20Amt%20Erlach1,DE,Massenmediale Öffentlichkeit,Wochenblatt,CH
Anzeiger Stadt St. Gallen und Region,Anzeiger Stadt St. Gallen und Region (prov. Beglaubigung),,St. Galler Tagblatt AG,,http://www.anzeiger.biz,DE,Massenmediale Öffentlichkeit,Wochenblatt,CH
Anzeiger Thal Gäu Olten,Anzeiger Thal Gäu Olten,,Genossenschaft «Anzeiger Thal Gäu Olten»,,http://www.anzeigertgo.ch,DE,Massenmediale Öffentlichkeit,Wochenblatt,CH
Anzeiger Thurgau,Anzeiger Thurgau,,St. Galler Tagblatt AG,,http://www.anzeiger.biz,DE,Massenmediale Öffentlichkeit,Wochenblatt,CH
Anzeiger Trachselwald,Anzeiger Trachselwald,,Druckerei Schürch AG,,http://www.schuerch-druck.ch/pages/de/Anzeiger_Trachselwald.html,DE,Massenmediale Öffentlichkeit,Wochenblatt,CH
Anzeiger vom Rottal,Anzeiger vom Rottal,,Meyer Rottal Druck AG,,http://www.anzeigervomrottal.ch,DE,Massenmediale Öffentlichkeit,Wochenzeitung,CH
Anzeiger von Saanen,Anzeiger von Saanen,,Müller Marketing & Druck AG,,http://www.anzeigervonsaanen.ch,DE,Massenmediale Öffentlichkeit,2x wöchentlich,CH
Anzeiger von Uster,Anzeiger von Uster,,Verlag Zürcher Oberland Medien AG,,http://www.avu.ch,DE,Massenmediale Öffentlichkeit,Tageszeitung,CH
Anzeiger von Wallisellen,Anzeiger von Wallisellen,,Anzeiger von Wallisellen,,http://www.avwa.ch/de/,DE,Massenmediale Öffentlichkeit,Wochenzeitung,CH
Appenzell24.ch,Appenzell24.ch,,Druckerei Appenzeller Volksfreund,,http://www.appenzell24.ch/,DE,Massenmediale Öffentlichkeit,Newsportal,CH
Appenzeller Zeitung,Appenzeller Zeitung,@AppenzellerZeit ,St.Galler Tagblatt AG,,http://www.appenzellerzeitung.ch/,DE,Massenmediale Öffentlichkeit,Tageszeitung,CH
ARC Hebdo,ARC Hebdo,,Les Editions de la Semaine Jurassienne SA,,http://www.archebdo.ch/,FR,Massenmediale Öffentlichkeit,Newsportal,CH
arcinfo.ch,arcinfo.ch,@arcinfo,Société Neuchâteloise de Presse SA,,http://www.arcinfo.ch,FR,Massenmediale Öffentlichkeit,Newsportal,CH
Arolfinger Lokalfernsehen,ALF-TV,@AlfTVch ,ALF TV,,http://www.alf-tv.ch/,DE,Massenmediale Öffentlichkeit,TV-Station,CH
Aroser Zeitung,Aroser Zeitung,,Südostschweiz Presse und Print AG (Somedia),,,DE,Massenmediale Öffentlichkeit,Wochenzeitung,CH
AWP Finanznachrichten,AWP Finanznachrichten,,awp Finanznachrichten AG,,http://www.awp.ch/index.php/de/home.html,DE,Massenmediale Öffentlichkeit,Wirtschaftsnachrichtenagentur,CH
"Azeiger, Amtl. Anzeiger Bezirke Solothurn, Lebern, Bucheggberg, Wasseramt","Azeiger, Amtl. Anzeiger Bezirke Solothurn, Lebern, Bucheggberg, Wasseramt",,AZ Medien AG,,www.azeiger.ch/,DE,Massenmediale Öffentlichkeit,Wochenblatt,CH
Azione,Azione,,Migros-Genossenschafts-Bund,,www.azione.ch,IT,Massenmediale Öffentlichkeit,Wochenmagazin,CH
Badener Tagblatt,,,AZ Medien AG,,,,Massenmediale Öffentlichkeit,Tageszeitung,
Bantiger Post,Bantiger Post,,Espace Media AG,,http://www.bantigerpost.ch/,DE,Massenmediale Öffentlichkeit,Wochenblatt,CH
Barfi,barfi.ch,@barfi_news,Barfi AG,,barfi.ch,DE,Massenmediale Öffentlichkeit,"Neues Onlineportal ab 2015. News und Infos. Involviert: Klaus Neumann-Braun, Christian Heeb und Jörg Kachelmann.",
Basler Zeitung,BaZ,@bazonline,National Zeitung und Basler Nachrichten AG,,www.baslerzeitung.ch,DE,Massenmediale Öffentlichkeit,Tageszeitung,CH
Basellandschaftliche Zeitung,bz Basellandschaftliche Zeitung,,,,,DE,Massenmediale Öffentlichkeit,Tageszeitung,
Baslerstab,,,National Zeitung und Basler Nachrichten AG,,,,Massenmediale Öffentlichkeit,Inseratezeitung. Wurde eingestellt.,
BaZ Kompakt,BAZ Kompakt,,National Zeitung und Basler Nachrichten AG,,http://bazkompakt.ch/epaper/login.cfm,DE,Massenmediale Öffentlichkeit,3x wöchentlich,CH
BeCuriousTV,,,,,,,Massenmediale Öffentlichkeit,neuer Westschweizer Fernsehsender ab 2015,
Beobachter,Beobachter,@BeobachterRat,Axel Springer Schweiz AG,,http://www.beobachter.ch,DE,Massenmediale Öffentlichkeit,Zeitschrift,CH
Beobachter Natur,Beobachter Natur,@BeobachterNatur,Axel Springer Schweiz AG,,http://www.beobachter.ch/natur/,DE,Massenmediale Öffentlichkeit,Monatsmagazin,CH
Berner Landbote,Berner Landbote,,AZ Anzeiger AG,,http://www.bernerlandbote.ch/,DE,Massenmediale Öffentlichkeit,14-täglich,CH
Berner Oberländer,BO,@BernerZeitung,Tamedia AG,,http://bo.bernerzeitung.ch/,DE,Massenmediale Öffentlichkeit,Tageszeitung,CH
Berner Zeitung,BZ,@BernerZeitung,Espace Media AG,,http://www.bernerzeitung.ch/,DE,Massenmediale Öffentlichkeit,Tageszeitung,CH
Bernerbär,Bernerbär,,Espace Media AG,,http://www.bernerbaer.ch/,DE,Massenmediale Öffentlichkeit,Wochenzeitung,CH
Bezirks-Amtsblatt,Bezirks-Amtsblatt für die Gemeinden der Bezirke Landquart und Prättigau/Davos,,Bezirks-Amtsblatt,,http://www.bezirksamtsblatt.ch/sites/bezirksamtsblatt_online/aktuell.html#,DE,Massenmediale Öffentlichkeit,Wochenblatt,CH
Biel Bienne,Biel Bienne,,Cortepress,,http://www.bielbienne.com/,"DE,FR",Massenmediale Öffentlichkeit,Gratiszeitung (Wochenblatt),CH
Bieler Tagblatt,Bieler Tagblatt,@bielertagblatt,W. Gassmann AG,,http://www.bielertagblatt.ch/,DE,Massenmediale Öffentlichkeit,Tageszeitung,CH
Bilan,Bilan,,Tamedia,,http://www.bilan.ch,FR,Massenmediale Öffentlichkeit,Zeitschrift,CH
Bilanz,Bilanz,@BILANZ,Axel Springer Schweiz AG,,http://www.bilanz.ch,DE,Massenmediale Öffentlichkeit,Zeitschrift (Magazin),CH
Birsfelder Anzeiger,Birsfelder Anzeiger,,LV Lokalzeitungen Verlags AG,,http://www.birsfelderanzeiger.ch/startseite.cfm,DE,Massenmediale Öffentlichkeit,Wochenblatt,CH
Birsigtal Bote,Amtlicher Anzeiger Birsigtal,,Cratander AG,,http://www.bibo.ch/,DE,Massenmediale Öffentlichkeit,Wochenblatt,CH
Blick,Blick,@Blickch,Ringier AG,,http://www.blick.ch,DE,Massenmediale Öffentlichkeit,Tageszeitung,CH
Blick am Abend,Blick am Abend-Regionalausgabe Bern,@blickamabend_be,Ringier AG,,http://www.blickamabend.ch,DE,Massenmediale Öffentlichkeit,Gratis-Tageszeitung,CH
Blick am Abend,Blick am Abend-Regionalausgabe Luzern,,Ringier AG,,http://www.blickamabend.ch,DE,Massenmediale Öffentlichkeit,Gratis-Tageszeitung,CH
Blick am Abend,Blick am Abend-Regionalausgabe St. Gallen,,Ringier AG,,http://www.blickamabend.ch,DE,Massenmediale Öffentlichkeit,Gratis-Tageszeitung,CH
Blick am Abend,Blick am Abend-Regionalausgabe Zürich,,Ringier AG,,http://www.blickamabend.ch,DE,Massenmediale Öffentlichkeit,Gratis-Tageszeitung,CH
Blick am Abend,Blick am Abend-Regionalausgabe Basel,@blickamabend,Ringier AG,,http://www.blickamabend.ch,DE,Massenmediale Öffentlichkeit,Gratis-Tageszeitung,CH
Bluewin,Bluewin,,Swisscom AG,,http://www.bluewin.ch/,"DE,FR,IT",Massenmediale Öffentlichkeit,Newsportal,CH
BNJ.TV,BNJ.TV,@bnjtv,BNJ Multimédia Sàrl,,http://www.bnj.tv,FR,Massenmediale Öffentlichkeit,TV (Video-Berichte),CH
Bote der Urschweiz,suedostschweiz.ch - bote.ch,@bote_online ,Bote der Urschweiz AG,,http://www.bote.ch/,DE,Massenmediale Öffentlichkeit,Tageszeitung,CH
Bote vom Untersee und Rhein,Bote vom Untersee und Rhein,,"Druckerei Steckborn, Louis Keller AG",,http://www.druckerei-steckborn.ch/folge2.html,DE,Massenmediale Öffentlichkeit,2x wöchentlich,CH
Bremgarter Bezirks-Anzeiger,Bremgarter Bezirks-Anzeiger,,Freiämter Regionalzeitungen AG,,http://bremgarterbezirksanzeiger.ch,DE,Massenmediale Öffentlichkeit,2x wöchentlich,CH
Bümpliz-Woche,Bümpliz  Woche,,büwo Lokalanzeiger GmbH,,http://www.buemplizwoche.ch,DE,Massenmediale Öffentlichkeit,Wochenzeitung,CH
Bündner Tagblatt,,,Südostschweiz Presse und Print AG (Somedia),,,,Massenmediale Öffentlichkeit,,
Bündner Woche,Büwo,,Südostschweiz Presse und Print AG (Somedia),,http://www.buendnerwoche.ch,DE,Massenmediale Öffentlichkeit,Wochenzeitung,CH
bz Basel,Nordwestschweiz Netz - bzbasel.ch,@bzBasel,AZ Medien AG,,http://www.bzbasel.ch,DE,Massenmediale Öffentlichkeit,Tageszeitung,CH
BZ Emmental,Berner Zeitung,@BernerZeitung,Tamedia AG,,http://www.bernerzeitung.ch/region/emmental/,DE,Massenmediale Öffentlichkeit,Tageszeitung,CH
BZ Langenthaler Tagblatt,Berner Zeitung,@BernerZeitung,Tamedia AG,,http://www.bernerzeitung.ch/services/aboservice/BZ-Langenthaler-Tagblatt/story/13060822,DE,Massenmediale Öffentlichkeit,Tageszeitung,CH
BZ Stadt & Region,Berner Zeitung,@BernerZeitung,Tamedia AG,,http://www.bernerzeitung.ch/,DE,Massenmediale Öffentlichkeit,Tageszeitung,CH
Canal 9,Canal 9,@canal9valais,Canal9 / Kanal9,,http://www.canal9.ch/,"DE,FR",Massenmediale Öffentlichkeit,Kommerzielles Privatradio,CH
Canal Alpha,Canal Alpha,@canalalpha,CanalAlpha,,http://www.canalalpha.ch/,FR,Massenmediale Öffentlichkeit,TV-Station,CH
Cash,cash/borsalino.ch,,Ringier AG,,http://www.cash.ch,DE,Massenmediale Öffentlichkeit,Onlineplattform,CH
CHTV,,,,,,DE,Massenmediale Öffentlichkeit,Privat-TV-Station,
Coopération,Coopération,,Coop Genossenschaft,,http://www.cooperation.ch/,FR,Massenmediale Öffentlichkeit,Wochenzeitung,CH
Cooperazione,Cooperazione,,Coop Genossenschaft,,http://www.cooperazione.ch/,IT,Massenmediale Öffentlichkeit,Wochenzeitung,CH
Coopzeitung,Coopzeitung,@Coopzeitung,Coop Genossenschaft,,http://www.coopzeitung.ch/,DE,Massenmediale Öffentlichkeit,Wochenzeitung ,CH
Corriere del Ticino,Corriere del Ticino,@CdT_Online,Fondazione per il Corriere del Ticino,,http://www.cdt.ch,IT,Massenmediale Öffentlichkeit,Tageszeitung,CH
Couleur 3,Couleur 3,@Couleur3 ,SRG SSR,,http://www.rts.ch/couleur3/,FR,Massenmediale Öffentlichkeit,öffentlich-rechtlicher Rundfunk,CH
Courrier du Val-de-Travers ,Courrier Du Val de Travers Hebdo,,Imprimerie Montandon & Cie,,http://courrierhebdo.ch/,FR,Massenmediale Öffentlichkeit,Wochenblatt,CH
Das Magazin,Tagi Magi,@tagi_magi,Tamedia,,"http://www.dasmagazin.ch, http://blog.dasmagazin.ch/",DE,Massenmediale Öffentlichkeit,Wochenmagazin,CH
Das Unterwaldner Magazin,Das Unterwaldner Magazin,,,,http://www.unterwaldner.ch/,DE,Massenmediale Öffentlichkeit,Wochenblatt,CH
Davoser Zeitung,DZ,,Südostschweiz Presse und Print AG (Somedia),,http://www.davoserzeitung.ch/,DE,Massenmediale Öffentlichkeit,Wochenzeitung,CH
Der Anzeiger Gürbetal-Längenberg-Schwarzenburgerland,"Anzeiger Gürbetal-Längenberg-Schwarzenburgerland, Der",,"Jordi AG, sohnverlag GmbH",,http://www.anzeigergls.ch,DE,Massenmediale Öffentlichkeit,Wochenblatt,CH
Der Brienzer,"Brienzer, Der",,Gossweiler Media AG,,http://www.der-brienzer.ch/,DE,Massenmediale Öffentlichkeit,2x wöchentlich,CH
Der Bund,Der Bund,@_DerBund_,Espace Media AG,,http://www.derbund.ch/,DE,Massenmediale Öffentlichkeit,Tageszeitung,CH
Der Freiämter,Der Freiämter,,Heller Media AG ,,http://www.derfreiaemter.ch/,DE,Massenmediale Öffentlichkeit,2x wöchentlich,CH
Der Glattaler,Der Glattaler/Volketswiler,@Glattaler ,Tamedia AG,,http://www.zuonline.ch/glattaler/index.html,DE,Massenmediale Öffentlichkeit,Wochenblatt,CH
Der Glattfelder,"Glattfelder, Der", ,Stadt-Anzeiger Opfikon/Glattbrugg AG,,http://www.derglattfelder.ch/,DE,Massenmediale Öffentlichkeit,14-täglich,CH
Der Landanzeiger,Der Landanzeiger,@Landanzeiger ,,,http://www.landanzeiger.ch/,DE,Massenmediale Öffentlichkeit,Wochenblatt,CH
Der Landbote,Der Landbote,@landbote ,,,http://www.landbote.ch/home,DE,Massenmediale Öffentlichkeit,Tageszeitung,CH
Der Murtenbieter,Der Murtenbieter,,,,http://www.murtenbieter.ch/,DE,Massenmediale Öffentlichkeit,2x wöchentlich,CH
Der Oberhasler,Der Oberhasler,,,,http://www.der-oberhasler.ch/,DE,Massenmediale Öffentlichkeit,2x wöchentlich,CH
Der Rheintaler,Der Rheintaler, ,,,http://www.rheintaler.ch/,DE,Massenmediale Öffentlichkeit,Tageszeitung,CH
Der Seetaler,Der Lindenberg,,,,http://www.lba.azmedien.ch/gemeinden/seetal-lindenberg/,DE,Massenmediale Öffentlichkeit,Wochenblatt,CH
Der Sensetaler,,,,,http://www.bm-media.ch/,DE,Massenmediale Öffentlichkeit,Monatszeitung,CH
Der Tössthaler,Der Tössthaler,,,,http://www.toessthaler.ch/D/druckerei_zeitung.php,DE,Massenmediale Öffentlichkeit,3x wöchentlich,CH
Der Unter-Emmentaler,UE,,,,http://www.schuerch-druck.ch/pages/de/Unter_Emmentaler.html,DE,Massenmediale Öffentlichkeit,3x wöchentlich,CH
Die Botschaft,Botschaft,,Bürli AG,,http://www.buerliag.ch/index.php/zeitung/die-botschaft.html,DE,Massenmediale Öffentlichkeit,3x wöchentlich,CH
Die Heimat,Wochenzeitung der Stadtregion Luzern, ,heimat.ch AG,,http://www.heimat.ch/,DE,Massenmediale Öffentlichkeit,Wochenzeitung,CH
Die Nordwestschweiz,Die AZ Nordwestschweiz,,,,,DE,Massenmediale Öffentlichkeit,Tageszeitung,CH
Die Südostschweiz,Die Südostschweiz,@suedostschweiz ,,,http://www.suedostschweiz.ch,DE,Massenmediale Öffentlichkeit,Tageszeitung,CH
Die Weltwoche,Weltwoche,@Weltwoche ,,,http://www.weltwoche.ch,DE,Massenmediale Öffentlichkeit,Wochenzeitung,CH
Die Wochenzeitung,WOZ,@Wochenzeitung ,,,http://www.woz.ch,DE,Massenmediale Öffentlichkeit,Wochenzeitung,CH
Die Zeit (Schweiz),Die Zeit (Schweiz),@zeitschweiz ,,,http://www.zeit.de/themen/international/zeit-schweiz/index,DE,Massenmediale Öffentlichkeit,Wochenzeitung,DE/CH
Dorf-Blitz,Dorf-Blitz,,Verein Dorf-Blitz,,http://www.dorfblitz.ch,DE,Massenmediale Öffentlichkeit,Monatszeitung,CH
D'Region,D'Region,,Medienzentrum GmbH,,http://www.dregion.ch/,DE,Massenmediale Öffentlichkeit,Wochenblatt,CH
Echo von Grindelwald,Echo von Grindelwald,,Gossweiler Media AG,,http://www.echo-von-grindelwald.ch/,DE,Massenmediale Öffentlichkeit,2x wöchentlich,CH
Edelweiss Magazine,Edelweiss Magazine,@EdelweissMag,Ringier AG,,http://www.edelweissmag.ch,FR,Massenmediale Öffentlichkeit,Monatsmagazin (Frauenzeitschrift),CH
Edito,Edito+Klartext,,,,http://www.edito.ch/de/,DE,Medienkritischer Akteur,Fachzeitschrift,
Egnacher Lokalanzeiger,Egnacher Lokalanzeiger,,Gemeindeverwaltung Egnach,,http://www.egnach.ch/index.asp?topic_id=90,DE,Massenmediale Öffentlichkeit,Wochenblatt,CH
Einsiedler Anzeiger,Einsiedler Anzeiger,@EinsiedlerANZ ,ea Druck + Verlag AG,,http://www.einsiedleranzeiger.ch/,DE,Massenmediale Öffentlichkeit,2x wöchentlich,CH
Elgger Zeitung,Elgger Zeitung, ,Elgger-Zeitung AG,,http://www.elgger.ch/,DE,Massenmediale Öffentlichkeit,3x wöchentlich,CH
Energy Basel,Energy Basel,,Ringier AG,,http://www.energy.ch/basel/,DE,Massenmediale Öffentlichkeit,Kommerzielles Privatradio,CH
Energy Bern,Energy Bern,,Ringier AG,,http://www.energy.ch/bern/,DE,Massenmediale Öffentlichkeit,Kommerzielles Privatradio,CH
Energy Zürich,Energy Zürich,,Ringier AG,,http://www.energy.ch/zurich/,DE,Massenmediale Öffentlichkeit,Kommerzielles Privatradio,CH
Engadiner Post,Posta Ladina,@engadinerpost ,Gammeter Druck AG,,http://www.engadinerpost.ch/,DE,Massenmediale Öffentlichkeit,3x wöchentlich,CH
Entlebucher Anzeiger,Entlebucher Anzeiger,@EntlebucherAnz ,Verlag Entlebucher Anzeiger,,http://www.entlebucher-anzeiger.ch/,DE,Massenmediale Öffentlichkeit,2x wöchentlich,CH
Espace 2,Espace 2,,SRG SSR,,http://www.rts.ch/espace-2/,FR,Massenmediale Öffentlichkeit,öffentlich-rechtlicher Rundfunk,CH
Fegl Ufficial Surselva,Fegl Ufficial,,Südostschweiz Presse und Print AG (Somedia),,http://www.suedostschweiz.ch/zeitung/fegl-ufficial-surselva,DE,Massenmediale Öffentlichkeit,Wochenzeitung,CH
Fémina,Fémina,@FeminaCh,Tamedia Publications romandes SA,,http://www.femina.ch,FR,Massenmediale Öffentlichkeit,Wochenmagazin (Frauenzeitschrift),CH
Feuille d'Avis de la Béroche,Feuille d'Avis de la Béroche, ,Imprimerie de La Béroche,,http://www.imprimerieberoche.ch/journal.html,FR,Massenmediale Öffentlichkeit,Wochenzeitung,CH
Feuille d'avis officielle de la républiqu et canton de Genève,FAO,,Chancellerie d'Etat du canton de Genève ,,http://www.ge-fao.ch/,FR,Massenmediale Öffentlichkeit,Wochenblatt,CH
Feuille officielle du canton de Fribourg,FO,,Chancellerie d'Etat du canton de Fribourg,,http://fo.fr.ch/,FR,Massenmediale Öffentlichkeit,Wochenblatt,CH
Feuille officielle du Jura bernois,Feuille officielle du Jura bernois,,"Juillerat Chervet SA, Imprimerie",,http://www.sta.be.ch/de/index/staatskanzlei/staatskanzlei/downloads_publikationen/amtsblatt.html,FR,Massenmediale Öffentlichkeit,Wochenblatt,CH
Finanz und Wirtschaft,Finanz und Wirtschaft,,Verlag Finanz und Wirtschaft AG (Tamedia),,http://www.fuw.ch/,DE,Massenmediale Öffentlichkeit,Zeitschrift,CH
finanzen.ch,"finanzen.ch
 (ehemals stocks.ch)",@finanzenCH,Axel Springer Schweiz AG,,http://www.finanzen.ch,DE,Massenmediale Öffentlichkeit,Finanzportal / Newsportal,CH
finews.ch,finews.ch,@finews_ch,finews AG,,http://www.finews.ch,DE,Massenmediale Öffentlichkeit,Intranet der Schweizer Finanzbranche,CH
FM1today,,,NZZ-Mediengruppe,,,,Massenmediale Öffentlichkeit,Onlineportal,
Foglio ufficiale della Repubblica e Cantone del Ticino,FU,,Amministrazione FU,,www.ti.ch/fu,IT,Massenmediale Öffentlichkeit,Wochenblatt,CH
Fraubrunner Anzeiger,Fraubrunner Anzeiger,,Gemeindeverband Fraubrunner Anzeiger,,http://www.fraubrunner.ch/,DE,Massenmediale Öffentlichkeit,Wochenblatt,CH
Freiburger Nachrichten,Freiburger Nachrichten,,Freiburger Nachrichten AG,,http://www.freiburger-nachrichten.ch,DE,Massenmediale Öffentlichkeit,Tageszeitung,CH
Freier Schweizer,Freier Schweizer,@freierschweizer ,Kreienbühl Druck AG,,http://www.freierschweizer.ch/cms/schlagzeilen.php,DE,Massenmediale Öffentlichkeit,2x wöchentlich,CH
Fréquence Banane,Fréquence Banane,@frequencebanane ,Fréquence Banane ,,http://www.frequencebanane.ch/,FR,Massenmediale Öffentlichkeit,Hochschulradio,CH
fricktal.info,Bezirksanzeiger,@fricktalinfo ,Mobus AG,,http://fricktal.info/,DE,Massenmediale Öffentlichkeit,Wochenblatt,CH
Fridolin,Die Regionalzeitung mit Amtsblatt im Wirtschaftsraum Glarus, ,Walter Feldmann AG,,http://www.fridolin.ch/frameset.asp?fHigherChapter_ID=39&fChapters_id=39&fSubChapters_id=52&fNextHigherChapters_id=39&ID_Contents=&fTemplatefile=fileListPDFImages.asp&blnPreview=False&blnISO=False&fLanguage_ID=1&fSeason_ID=1,DE,Massenmediale Öffentlichkeit,Wochenblatt,CH
Frutiger Anzeiger,Frutiger Anzeiger,@frutiglaender ,Frutigländer Medien AG,,http://www.frutiglaender.ch/,DE,Massenmediale Öffentlichkeit,Wochenblatt,CH
Frutigländer,Frutigländer,@frutiglaender ,Frutigländer Medien AG,,http://www.frutiglaender.ch/,DE,Massenmediale Öffentlichkeit,2x wöchentlich,CH
Furttaler,Furttaler,,Tamedia AG,,http://www.zuonline.ch/furttaler/index.html,DE,Massenmediale Öffentlichkeit,Wochenblatt,CH
General-Anzeiger,Brugger Generalanzeiger,,Effingerhof AG,,http://www.general-anzeiger.ch,DE,Massenmediale Öffentlichkeit,Wochenzeitung,CH
GenevaLunch,GenevaLunch,@GenevaLunch,,,http://www.genevalunch.com,EN,Massenmediale Öffentlichkeit,Newsportal (News-Service),CH
Giornale del Popolo,Giornale del Popolo,@giorndelpopolo,Nuova Società Editrice del Giornale del Popolo SA,,http://www.gdp.ch,IT,Massenmediale Öffentlichkeit,Tageszeitung,CH
Glarner Woche,GlarusMitte-Anzeiger,,Südostschweiz Presse und Print AG (Somedia),,http://www.suedostschweiz.ch/zeitung/glarus-s%C3%BCd-anzeiger,DE,Massenmediale Öffentlichkeit,Wochenblatt,CH
Glarner Woche,GlarusNord-Anzeiger,,Südostschweiz Presse und Print AG (Somedia),,http://www.suedostschweiz.ch/zeitung/glarus-s%C3%BCd-anzeiger,DE,Massenmediale Öffentlichkeit,Wochenblatt,CH
Glarner Woche,GlarusSüd-Anzeiger,,Südostschweiz Presse und Print AG (Somedia),,http://www.suedostschweiz.ch/zeitung/glarus-s%C3%BCd-anzeiger,DE,Massenmediale Öffentlichkeit,Wochenblatt,CH
Glückspost,Glückspost,@glueckspost_ch,Ringier AG,,http://www.glueckspost.ch/,DE,Massenmediale Öffentlichkeit,Wochenzeitschrift ,CH
GMX.ch,GMX.ch,,"1&1 Mail & Media GmbH, München",,http://www.gmx.ch/,DE,Massenmediale Öffentlichkeit,Newsportal,CH
Gossauer Wochenzeitung,GoZ,,St.Galler Tagblatt AG,,http://www.goz.ch/,DE,Massenmediale Öffentlichkeit,Wochenzeitung,CH
Grenchner Stadt-Anzeiger,Grenchner Stadt-Anzeiger,,AZ Medien AG,,http://www.grenchnerstadtanzeiger.ch/,DE,Massenmediale Öffentlichkeit,Wochenblatt,CH
Grenchner Tagblatt,Grenchner Tagblatt,,AZ Medien AG,,http://www.grenchnertagblatt.ch,DE,Massenmediale Öffentlichkeit,Tageszeitung,CH
GRRIF,GRRIF,,ARC FM SA,,http://www.grrif.ch/,FR,Massenmediale Öffentlichkeit,Kommerzielles Privatradio,CH
Handelszeitung,Handelszeitung,@Handelszeitung,Axel Springer Schweiz AG,,http://www.handelszeitung.ch/,DE,Massenmediale Öffentlichkeit,Wochenzeitung,CH
Heimatblatt,Heimatblatt,,Karl Augustin AG,,http://www.augustin.ch/,DE,Massenmediale Öffentlichkeit,Wochenblatt,CH
Helvezin,,@Helvezin,Patronat,,http://www.helvezin.ch/,DE,Massenmediale Öffentlichkeit,Magazin,
Herisauer Zeitung,Herisauer Zeitung,,Appenzeller Medienhaus AG,,http://www.herisauer-zeitung.ch,DE,Massenmediale Öffentlichkeit,Monatsblatt,CH
Höfner Volksblatt,Höfner Volksblatt,@HoefnerVolks ,Höfner Volksblatt,,http://www.hoefner.ch,DE,Massenmediale Öffentlichkeit,Tageszeitung,CH
HR Today,HR Today,,jobindex media ag,,http://www.hrtoday.ch,DE,Massenmediale Öffentlichkeit,Human Resource Management-Journal,CH
ICTjournal,ICT Journal,,Netzmedien AG,,http://www.ictjournal.ch,FR,Massenmediale Öffentlichkeit,e-journal,CH
ICTkommunikation,ICT Kommunikation,,Kapi-Media,,http://www.ictk.ch,DE,Massenmediale Öffentlichkeit,Fachzeitschrift,CH
iischers Radio,iischers Radio,@iischersRadio ,iischers Radio,,http://www.iischers.ch/,DE,Massenmediale Öffentlichkeit,nicht-kommerzorientiertes Lokalradio ,CH
Il caffè,Il caffè,,Ringier AG,,http://www.caffe.ch,IT,Massenmediale Öffentlichkeit,Wochenzeitung,CH
Il Grigione Italiano,Il giornale indipendente del grigioni italiano,@Grigione_Italia ,Tipografia Menghini SA,,http://www.ilgrigioneitaliano.ch/,IT,Massenmediale Öffentlichkeit,Wochenblatt,CH
Il Lavoro,"Lavoro, Il",,,,,IT,Massenmediale Öffentlichkeit,,
Il Mattino della domenica,"
Il Mattino della domenica",,,,http://www.mattinonline.ch/,IT,Massenmediale Öffentlichkeit,Newsportal,CH
Illustrazione Ticinese,Illustrazione Ticinese,,,,http://www.illustrazione.ch,IT,Massenmediale Öffentlichkeit,,CH
Infamy,Infamy,@infamyblog ,Medienbüro Dominique Spirgi,,http://infam.antville.org/,DE,Massenmediale Öffentlichkeit,Newsportal,CH
Inside Paradeplatz,Inside Paradeplatz,@InsideParade ,Inside Paradeplatz GmbH,,http://insideparadeplatz.ch/,DE,Massenmediale Öffentlichkeit,Newsportal,CH
Interna,,,,,,,Massenmediale Öffentlichkeit,Redationsblog bei der Südostschweiz von Chefredaktor David Sieber. Existiert seit dem Abgang von Sieber im Jahre 2015 nicht mehr.,
Joiz,Joiz,@JOIZTV ,JOIZ SCHWEIZ AG,,http://www.joiz.ch/home,DE,Massenmediale Öffentlichkeit,TV-Station,CH
Journal de Morges,Journal de Morges,,Tamedia Publications romandes SA ,,http://www.journaldemorges.ch/,FR,Massenmediale Öffentlichkeit,Wochenzeitung,CH
Journal officiel de la République et Canton du Jura,Journal officiel de la République et Canton du Jura,,Chancellerie d'Etat du canton de Jura,,http://rsju.jura.ch/extranet/common/jojd/jo.hcst,FR,Massenmediale Öffentlichkeit,Wochenblatt,CH
Jungfrau Zeitung,jungfrauzeitung.ch,@JungfrauZeitung,Gossweiler Media AG,,http://www.jungfrauzeitung.ch,DE,Massenmediale Öffentlichkeit,Zeitung,CH
Kabel1.ch,Kabel1.ch,,,,http://www.kabel1.ch,DE,Massenmediale Öffentlichkeit,TV ,CH
Kanal K,Kanal K, ,,,http://www.kanalk.ch/,DE,Massenmediale Öffentlichkeit,nicht-kommerzorientiertes Lokalradio ,CH
Kantonsblatt Basel-Stadt,Kantonsblatt Basel-Stadt, ,,,http://www.kantonsblatt.ch/,DE,Massenmediale Öffentlichkeit,Wochenblatt,CH
Kilchberger Gemeindeblatt,Kilchberger Gemeindeblatt,,,,,DE,Massenmediale Öffentlichkeit,,CH
Klein Report,Kleinreport,@kleinreport,,,http://www.kleinreport.ch,DE,Massenmediale Öffentlichkeit,Täglicher Medien-Newsletter,CH
Klettgauer Bote,,,,,,,Massenmediale Öffentlichkeit,Entstand 2014 aus der Fusion der Klettgauer Zeitung und der Schaffhauser Landzeitung,
Klettgauer Zeitung,Klettgauer Zeitung/Schaffhauserland,,,,http://www.klettgauerzeitung.ch/,DE,Massenmediale Öffentlichkeit,Heisst ab 2014 Klettgauer Bote (Fusion mit Schaffhauser Landzeitung),CH
Klosterser Zeitung,Klosterser Zeitung,,,,http://www.klosterserzeitung.ch/,DE,Massenmediale Öffentlichkeit,Wochenblatt,CH
Klotener Anzeiger,Klotener Anzeiger,@klotenanzeiger ,,,http://www.kloteneranzeiger.ch/,DE,Massenmediale Öffentlichkeit,Wochenzeitung,CH
Könizer Zeitung,Könizer Zeitung,,,,http://www.bm-media.ch/,DE,Massenmediale Öffentlichkeit,Monatszeitung,CH
Ktipp,KTipp,,,,http://www.ktipp.ch/,DE,Massenmediale Öffentlichkeit,Zeitschrift,CH
Küsnachter,Küsnachter,,,,http://neu.lokalinfo.ch/aktuell/,DE,Massenmediale Öffentlichkeit,Wochenblatt,CH
La Broye,La Broye Hebdo,,Tamedia Publications romandes SA,,http://www.labroye.ch,FR,Massenmediale Öffentlichkeit,Wochenzeitung,CH
La Côte,La Côte,,Etablissements Ed. Cherix SA,,http://www.lacote.ch,FR,Massenmediale Öffentlichkeit,Tageszeitung,CH
La Gazette de la Région,La Gazette de la Région,,Rhône-Médias SA,,http://www.la-gazette.ch/,FR,Massenmediale Öffentlichkeit,Wochenblatt,CH
La Gazette de Martigny,La Gazette de Martigny,,La Gazette de Martigny,,http://www.lagazette.ch/,FR,Massenmediale Öffentlichkeit,2x monatlich,CH
La Gruyère,Le journal du sud fribourgeois,@gruyere_journal ,Glasson Imprimeurs-Editeurs SA,,https://www.lagruyere.ch/,FR,Massenmediale Öffentlichkeit,3x wöchentlich,CH
La Liberté,La Liberté,@TweetLaLiberte,,,http://www.laliberte.ch,FR,Massenmediale Öffentlichkeit,Tageszeitung,CH
La Premiere,La 1ère, ,,,http://www.rts.ch/la-1ere/,FR,Massenmediale Öffentlichkeit,öffentlich-rechtlicher Rundfunk,CH
La RegioneTicino,LaRegioneTicino,,,,http://www.laregione.ch,IT,Massenmediale Öffentlichkeit,Tageszeitung,CH
La Rivista del Locarnese e Valli,La Rivista del Locarnese e Valli,,,,http://www.editore.ch/dado/index.php?option=com_content&view=article&id=51&Itemid=66&lang=de,IT,Massenmediale Öffentlichkeit,Monatsmagazin,CH
La Tele Vaud-Fribourg,,,,,http://www.latele.ch/,FR,Massenmediale Öffentlichkeit,Privatfernsehsender (grösstes der Westschweiz),
La Voce del San Bernardino,La Voce del San Bernardino,,,,http://www.rezzonico.ch/voce/welcome.html,IT,Massenmediale Öffentlichkeit,Wochenblatt,CH
Ladies Drive,Ladies Drive,@LadiesDrive,,,http://ladiesdrive.tv,DE,Massenmediale Öffentlichkeit,Businessmagazin (Kaderfrauen) 4x jährlich,CH
Laupen Anzeiger,Laupen Anzeiger,,,,,DE,Massenmediale Öffentlichkeit,Wochenblatt,CH
Lausanne FM,LFM,,,,http://lausannefm.ch,FR,Massenmediale Öffentlichkeit,Kommerzielles Privatradio,CH
Le Courrier,,@lecourrier,Nouvelle association du Courrier (NAC),,http://www.lecourrier.ch,FR,Massenmediale Öffentlichkeit,Tageszeitung,CH
Le Franc-Montagnard,Le Franc-Montagnard,,Imprimerie Le Franc-Montagnard SA,,http://www.franc-mont.ch/Journal.html,FR,Massenmediale Öffentlichkeit,3x wöchentlich,CH
Le Journal de Sierre,JDS,@lejds ,Rhône-Médias SA,,http://www.lejds.ch/,FR,Massenmediale Öffentlichkeit,14-täglich,CH
Le Journal du Jura,Le Journal du Jura,@JournalduJura ,W. Gassmann AG,,http://www.journaldujura.ch/,FR,Massenmediale Öffentlichkeit,Tageszeitung,CH
Le Journal malin des Genevois,GHI,,Société de Publications Nouvelles SA,,http://www.ghi.ch,FR,Massenmediale Öffentlichkeit,Kostenlose Zeitung,CH
Le Jura libre,Le Jura libre,@LeJuraLibre ,,,http://www.maj.ch/maj/5,FR,Massenmediale Öffentlichkeit,Wochenzeitung,CH
Le Matin,Le Matin,@Lematinch,,,http://www.lematin.ch,FR,Massenmediale Öffentlichkeit,Tageszeitung,CH
Le Matin Dimanche,Le Matin Dimanche,@matindimanche ,,,http://www.lematindimanche.ch/,FR,Massenmediale Öffentlichkeit,Sonntagszeitung,CH
Le Matin semaine,Le Matin semaine, ,,,,FR,Massenmediale Öffentlichkeit,Tageszeitung,CH
Le Messager,Le Messager,,,,http://www.lemessager.ch/,FR,Massenmediale Öffentlichkeit,Wochenblatt,CH
Le Nouvelliste,Le Nouvelliste,@lenouvelliste,,,http://www.lenouvelliste.ch,FR,Massenmediale Öffentlichkeit,Tageszeitung,CH
Le Progrès / Le Courrier,Le Progrès / Le Courrier,@lecourrier ,,,http://www.progrescourrier.ch/,FR,Massenmediale Öffentlichkeit,Wochenblatt,CH
Le Quotidien Jurassien,Le Quotidien Jurassien,,,,http://lqj.ch/,FR,Massenmediale Öffentlichkeit,Tageszeitung,CH
Le Régional,Le Régional,,,,http://www.leregional.ch/,FR,Massenmediale Öffentlichkeit,Wochenblatt,CH
Le Républicain,Le Républicain, ,,,http://www.lerepublicain.ch/,FR,Massenmediale Öffentlichkeit,Wochenblatt,CH
Le Temps,Le Temps,@letemps_sa,,,http://www.letemps.ch,FR,Massenmediale Öffentlichkeit,Tageszeitung,CH
L'Echo du Gros-de-Vaud,L'Echo du Gros de Vaud,,Edital SA,,,FR,Massenmediale Öffentlichkeit,Wochenblatt,CH
Lenzburger Bezirks-Anzeiger,Lenzburger Bezirks-Anzeiger,,,,http://www.lba.azmedien.ch/,DE,Massenmediale Öffentlichkeit,Wochenblatt,CH
Lesquotidiennes,"
Lesquotidiennes (24heures)",@lesquotidiennes,,,http://www.lesquotidiennes.com,FR,Massenmediale Öffentlichkeit,Onlineplattform,CH
L'Express,"arcinfo.ch (Le site internet de L'Express, L'impartial, Canal Alpha)",@arcinfo ,Société Neuchâteloise de Presse SA,,http://www.lexpress.ch/fr/,FR,Massenmediale Öffentlichkeit,Tageszeitung,CH
L'Hebdo,L'Hebdo,@lhebdo,Ringier AG,,http://www.hebdo.ch/,FR,Massenmediale Öffentlichkeit,Nachrichtenmagazin ,CH
Liechtensteiner Vaterland,Liechtensteiner Vaterland,@vaterlandnews ,,,http://www.vaterland.li,DE,Massenmediale Öffentlichkeit,Tageszeitung,L/CH
Liechtensteiner Volksblatt,LB,@Volksblatt,,,http://www.volksblatt.li,DE,Massenmediale Öffentlichkeit,Tageszeitung,CH
LIEWO,LIEWO - Die Sonntagszeitung, ,,,http://www.vaterland.li/page/liewo/index.cfm,DE,Massenmediale Öffentlichkeit,Sonntagszeitung (kostenlos),LI
LikeMag,Like Mag,,,,,DE,Massenmediale Öffentlichkeit,Onlineplattform,
L'Illustré,L'Illustré,,Ringier AG,,http://www.illustre.ch,FR,Massenmediale Öffentlichkeit,Zeitschrift,CH
Limmattaler Zeitung,Limmattaler Zeitung,@azLimmattaler,,,http://www.limmattalerzeitung.ch,DE,Massenmediale Öffentlichkeit,Tageszeitung,CH
L'Impartial,L'Impartial,@arcinfo ,Société Neuchâteloise de Presse SA,,http://www.limpartial.ch/fr/,FR,Massenmediale Öffentlichkeit,Tageszeitung,CH
L'Informatore,L'Informatore, ,Tipografia Stucchi SA,,http://www.informatore.ch/,IT,Massenmediale Öffentlichkeit,Wochenblatt,CH
Link,,,,,,,Massenmediale Öffentlichkeit,Mitgliedermagazin der SRG Deutschschweiz,
Luzerner Kantonsblatt,Luzerner Kantonsblatt,,,,http://www.lu.ch/index/staatskanzlei/kantonsblatt.htm,DE,Massenmediale Öffentlichkeit,Wochenblatt,CH
Luzerner Nachrichten,zt Luzerner Nachrichten,,,,http://www.luzernernachrichten.ch/,DE,Massenmediale Öffentlichkeit,,CH
Lysser & Aarberger Woche,Lysser und Aarberger Woche,,,,http://www.bielerpresse.ch/_gratiszeitungen_217_1_1_3_1_1_process_editmode.html,DE,Massenmediale Öffentlichkeit,14-täglich,CH
March-Anzeiger,March-Anzeiger,,,,http://www.marchanzeiger.ch/index.cfm,DE,Massenmediale Öffentlichkeit,Tageszeitung,CH
Meyrin FM,Meyrin FM, ,,,,FR,Massenmediale Öffentlichkeit,nicht-kommerzorientiertes Lokalradio ,CH
Migros Magazin,migrosmagazin.ch,@MigrosMagazin,,,http://www.migrosmagazin.ch/,DE,Massenmediale Öffentlichkeit,Zeitschrift,CH
Muttenzer & Prattler Anzeiger,Muttenzer & Prattler Anzeiger,,,,http://www.muttenzeranzeiger.ch/startseite.cfm,DE,Massenmediale Öffentlichkeit,Wochenblatt,CH
NA Presseportal,Presseportal.ch,@presseportal_ch ,,,http://www.presseportal.ch,DE,Massenmediale Öffentlichkeit,Presseportal,CH
Nachrichten.ch,Nachrichten.ch,,,,http://www.nachrichten.ch/,DE,Massenmediale Öffentlichkeit,Newsportal,CH
Nebelspalter,Nebelspalter,@Nebelspalter,,,http://www.nebelspalter.ch/,DE,Massenmediale Öffentlichkeit,Zeitschrift,CH
Neo1,Radio Emme,@radio_neo1 ,,,http://www.radioemme.ch/home.html,DE,Massenmediale Öffentlichkeit,Kommerzielles Privatradio,CH
Neue Fricktaler Zeitung,NFZ,,,,http://www.nfz.ch/,DE,Massenmediale Öffentlichkeit,3x wöchentlich,CH
Neue Luzerner Zeitung,luzernerzeitung.ch,@Neue_LZ,,,http://www.luzernerzeitung.ch/,DE,Massenmediale Öffentlichkeit,Tageszeitung,CH
Neue Nidwaldner Zeitung,luzernerzeitung.ch - nidwaldnerzeitung.ch,@Neue_NZ,,,http://www.nidwaldnerzeitung.ch,DE,Massenmediale Öffentlichkeit,Tageszeitung,CH
Neue Obwaldner Zeitung,luzernerzeitung.ch - obwaldnerzeitung.ch,@Neue_OZ_,,,http://www.obwaldnerzeitung.ch,DE,Massenmediale Öffentlichkeit,Tageszeitung,CH
Neue Schwyzer Zeitung,luzernerzeitung.ch - schwyzerzeitung.ch,@Neue_SZ,,,http://www.schwyzerzeitung.ch,DE,Massenmediale Öffentlichkeit,Tageszeitung,CH
Neue Urner Zeitung,luzernerzeitung.ch - urnerzeitung.ch,@Neue_UZ,,,http://www.urnerzeitung.ch,DE,Massenmediale Öffentlichkeit,Tageszeitung,CH
Neue Zuger Zeitung,luzernerzeitung.ch - zugerzeitung.ch,@Neue_ZZ,,,http://www.zugerzeitung.ch,DE,Massenmediale Öffentlichkeit,Tageszeitung,CH
Neue Zürcher Zeitung,NZZ,@NZZ ,,,http://www.nzz.ch/,DE,Massenmediale Öffentlichkeit,Tageszeitung,CH
Neuer Anzeiger (Sulgen),Neuer Anzeiger (Sulgen),,,,http://www.neueranzeiger.ch/,DE,Massenmediale Öffentlichkeit,Wochenzeitung,CH
Neues Bülacher Tagblatt,Neues Bülacher Tagblatt (Zürcher Unterländer),,,,http://www.nbt.ch/,DE,Massenmediale Öffentlichkeit,Tageszeitung,CH
news.ch,news.ch,,,,http://www.news.ch,DE,Massenmediale Öffentlichkeit,Newsportal,CH
News4Press.com,News4Press.com,,,,http://www.news4Press.com,DE,Massenmediale Öffentlichkeit,PR-Internetmagazin,CH
Newsnet,,,,,Newsnetz.ch,DE,Massenmediale Öffentlichkeit,Online-Verbund von Tageszeitungen,
Nidauer Anzeiger,Nidauer Anzeiger,,,,http://www.bielerpresse.ch/_nidauer-anzeiger_284_1_1_3_1_1_process_editmode.html,DE,Massenmediale Öffentlichkeit,Wochenblatt,CH
Niederämter Anzeiger,Niederämter Anzeiger,,,,http://www.niederaemter-anzeiger.ch/,DE,Massenmediale Öffentlichkeit,Wochenblatt,CH
Novitats,Novitats,,,,,DE,Massenmediale Öffentlichkeit,Wochenzeitung,CH
NZZ am Sonntag,NZZaS,@NZZaS ,,,http://www.nzz.ch/nzzas/nzz-am-sonntag/,DE,Massenmediale Öffentlichkeit,Sonntagszeitung,CH
NZZ Folio,NZZ Folio,@nzzfolio ,,,http://www.nzzfolio.ch/,DE,Massenmediale Öffentlichkeit,Zeitschrift,CH
NZZ Online,NZZ Online,@NZZ ,,,http://www.nzz.ch,DE,Massenmediale Öffentlichkeit,Tageszeitung,CH
Oberbaselbieter Zeitung,ObZ, ,,,http://www.triscom.ch/oberbaselbieter-zeitung/,DE,Massenmediale Öffentlichkeit,Wochenblatt,CH
Obersee Nachrichten,ON,,,,http://www.obersee-nachrichten.ch/,DE,Massenmediale Öffentlichkeit,Wochenblatt,CH
Oberwiggertaler,Oberwiggertaler,,,,http://www.oberwiggertaler.ch/,DE,Massenmediale Öffentlichkeit,Wochenblatt,CH
Oltner Tagblatt,Oltner Tagblatt,@OltnerTagblatt ,,,http://www.oltnertagblatt.ch,DE,Massenmediale Öffentlichkeit,Tageszeitung,CH
one FM,one FM,,,,http://www.onefm.ch/,FR,Massenmediale Öffentlichkeit,Kommerzielles Privatradio,CH
Onlinereports,Onlinereports,@OnlineReports ,,,http://www.onlinereports.ch/,DE,Massenmediale Öffentlichkeit,Newsportal,CH
Ostschweiz am Sonntag,Ostschweiz am Sonntag,,,,http://www.ostschweiz-am-sonntag.ch/,DE,Massenmediale Öffentlichkeit,Sonntagszeitung,CH
Planet 105,Radio 105,,,,http://www.105.ch,DE,Massenmediale Öffentlichkeit,Radio,CH
PME Magazine,PME Magazine,@PME_Magazine ,,,http://www.pme.ch,FR,Massenmediale Öffentlichkeit,Zeitschrift,CH
Popolo e Libertà,Popolo e Libertà,,,,http://www.ppd.ch/abbonamento-popolo-e-liberta/,IT,Massenmediale Öffentlichkeit,Wochenzeitung,CH
Pöschtli,Pöschtli,,,,,"DE,RM",Massenmediale Öffentlichkeit,Wochenzeitung,CH
PR Urgent,PR Urgent,@prurgent ,,,http://www.prurgent.com,EN,Massenmediale Öffentlichkeit,PR-Portal,CH
Prättigauer Post,Prättigauer Post,,,,http://www.praettigauerpost.ch/,DE,Massenmediale Öffentlichkeit,Wochenblatt,CH
PulsAcht,Puls Acht,,,,,DE,Massenmediale Öffentlichkeit,TV-Station,
Quartierecho,Quartierecho, ,,,http://www.quartierecho.ch/,DE,Massenmediale Öffentlichkeit,14-täglich,CH
Radio 1,Radio 1,,,,http://www.radio1.ch/,DE,Massenmediale Öffentlichkeit,Kommerzielles Privatradio,CH
Radio 24,Radio 24,@radio24 ,,,http://www.radio24.ch/,DE,Massenmediale Öffentlichkeit,Kommerzielles Privatradio,CH
Radio 32,Radio 32,@radio32ag ,,,http://www.radio32.ch/,DE,Massenmediale Öffentlichkeit,Kommerzielles Privatradio,CH
Radio 3fach,Radio 3fach,@Radio3FACH ,,,http://www.3fach.ch/,DE,Massenmediale Öffentlichkeit,nicht-kommerzorientiertes Lokalradio ,CH
Radio 3i,Radio 3i,@radio3i ,,,http://www.radio3i.ch/,IT,Massenmediale Öffentlichkeit,Kommerzielles Privatradio,CH
Radio Argovia,Radio Argovia,@RadioArgovia,,,http://www.argovia.ch/,DE,Massenmediale Öffentlichkeit,Kommerzielles Privatradio,CH
Radio Basilisk,Radio Basilisk,@Radio_Basilisk ,,,http://www.basilisk.ch/startseite,DE,Massenmediale Öffentlichkeit,Kommerzielles Privatradio,CH
Radio BeO,Radio BeO, ,,,http://www.radiobeo.ch/,DE,Massenmediale Öffentlichkeit,Kommerzielles Privatradio,CH
Radio Bern 1,Radio Bern 1,,,,http://www.radiobern1.ch/,DE,Massenmediale Öffentlichkeit,Kommerzielles Privatradio,CH
Radio Blind Power,,,,,http://www.radioblindpower.ch/,DE,Massenmediale Öffentlichkeit,Ausbildungs- und Integrationsradio für sehbehinderte Menschen,
Radio Canal 3,Radio Canal 3,,,,http://www.canal3.ch/,DE,Massenmediale Öffentlichkeit,Kommerzielles Privatradio,CH
Radio Central,Radio Central,,,,http://www.radiocentral.ch/,DE,Massenmediale Öffentlichkeit,Kommerzielles Privatradio,CH
Radio Chablais,Radio Chablais,,,,http://www.radiochablais.ch/,FR,Massenmediale Öffentlichkeit,Kommerzielles Privatradio,CH
Radio Chico Schweiz,,,,,,,Massenmediale Öffentlichkeit,Schülerradio,
Radio Cité Genève,Radio Cite Geneve,,,,http://www.radiocite.ch/,FR,Massenmediale Öffentlichkeit,nicht-kommerzorientiertes Lokalradio ,CH
Radio Energy,Radio Energy,,,,http://www.energy.ch,DE,Massenmediale Öffentlichkeit,Kommerzielles Privatradio,CH
Radio Eviva,Radio Eviva,,,,http://www.eviva.ch/,DE,Massenmediale Öffentlichkeit,Kommerzielles Privatradio,CH
Radio Fiume Ticino,Radio Fiume,@radioticino ,,,http://www.radioticino.com/default.asp,IT,Massenmediale Öffentlichkeit,Kommerzielles Privatradio,CH
Radio FM 1,Radio FM 1, ,,,http://www.radiofm1.ch/,DE,Massenmediale Öffentlichkeit,Kommerzielles Privatradio,CH
Radio Freiburg,Radio Fribourg,@FreiburgNews ,,,http://www.radiofr.ch/freiburg.html,DE,Massenmediale Öffentlichkeit,Kommerzielles Privatradio,CH
Radio Frequence Jura,RFJ,@radiorfj ,,,http://www.rfj.ch/,FR,Massenmediale Öffentlichkeit,Kommerzielles Privatradio,CH
Radio Gantrisch,,,,,,,Massenmediale Öffentlichkeit,,
Radio Grischa,Radio Grischa,@radiogrischa ,,,http://www.radiogrischa.ch/,DE,Massenmediale Öffentlichkeit,Kommerzielles Privatradio,CH
Radio Industrie,Radio Industrie, ,,,http://radioindustrie.com/,DE,Massenmediale Öffentlichkeit,nicht-kommerzorientiertes Lokalradio ,CH
Radio Inside,Radio Inside,@radio_inside,,,http://radioinside.ch/,DE,Massenmediale Öffentlichkeit,Kommerzielles Privatradio,CH
Radio Jura Bernois,RJB,,,,http://www.rjb.ch/,FR,Massenmediale Öffentlichkeit,Kommerzielles Privatradio,CH
Radio Kaiseregg,Radio Kaiseregg,@kaiseregg ,,,http://www.kaiseregg.ch/,DE,Massenmediale Öffentlichkeit,nicht-kommerzorientiertes Lokalradio ,CH
Radio Life Channel,Radio Life Channel,@Life_Channel ,,,http://www.erf-medien.ch/radio-life-channel,DE,Massenmediale Öffentlichkeit,nicht-kommerzorientiertes Lokalradio (christlich),CH
Radio Loco-Motivo,,,,,http://www.klippklang.ch/de/Radio-loco-motivo-Bern/135,DE,Massenmediale Öffentlichkeit,Ausbildungsradio. Redaktionen in Bern und Winterthur,
Radio LoRa,Radio LoRa,,,,http://lora.ch/,DE,Massenmediale Öffentlichkeit,nicht-kommerzorientiertes Lokalradio ,CH
Radio Maria,Radio Maria,@radiomariach ,,,http://radiomaria.ch/,DE,Massenmediale Öffentlichkeit,Kommerzielles Privatradio,CH
Radio Munot,Radio Munot,,,,http://www.radiomunot.ch/,DE,Massenmediale Öffentlichkeit,Kommerzielles Privatradio,CH
Radio Neuchateloise,RTN,@radiortn ,,,http://www.rtn.ch,FR,Massenmediale Öffentlichkeit,Radio,CH
Radio Pilatus,Radio Pilatus,@radiopilatus ,,,http://www.radiopilatus.ch/,DE,Massenmediale Öffentlichkeit,Kommerzielles Privatradio,CH
Radio RaBe,Radio RaBe, ,,,http://www.rabe.ch/,DE,Massenmediale Öffentlichkeit,nicht-kommerzorientiertes Lokalradio ,CH
Radio Radius,Radio Radius,,,,http://radioradius.ch/,DE,Massenmediale Öffentlichkeit,Hochschulradio (ETH),CH
Radio Rasa,Radio Rasa,@RadioRasa ,,,http://www.rasa.ch/,DE,Massenmediale Öffentlichkeit,nicht-kommerzorientiertes Lokalradio ,CH
Radio RFJ,RFJ,@radiorfj ,,,http://www.rfj.ch,FR,Massenmediale Öffentlichkeit,Radio,CH
Radio Rottu Oberwallis,rro,@radio_rottu ,,,http://www.rro.ch,DE,Massenmediale Öffentlichkeit,Radio,CH
Radio Rumantsch,RTR, ,,,http://www.rtr.ch/home,RM,Massenmediale Öffentlichkeit,öffentlich-rechtlicher Rundfunk,CH
Radio Stadtfilter,Radio Stadtfilter,@stadtfilter ,,,http://www.stadtfilter.ch/,DE,Massenmediale Öffentlichkeit,nicht-kommerzorientiertes Lokalradio ,CH
Sunshine Radio,Radio Sunshine,@radiosunshine,,,http://www.sunshine.ch/,DE,Massenmediale Öffentlichkeit,Kommerzielles Privatradio,CH
Radio Swiss Classic,Radio Swiss Classic,,,,http://www.radioswissclassic.ch/,"DE,FR,IT,EN",Massenmediale Öffentlichkeit,öffentlich-rechtlicher Rundfunk,CH
Radio Swiss Jazz,Radio Swiss Jazz,,,,http://www.radioswissjazz.ch/,"DE,FR,IT,EN",Massenmediale Öffentlichkeit,öffentlich-rechtlicher Rundfunk,CH
Radio Swiss Pop,Radio Swiss Pop,,,,http://www.radioswisspop.ch/,"DE,FR,IT,EN",Massenmediale Öffentlichkeit,öffentlich-rechtlicher Rundfunk,CH
Radio Television Suisse,RTS,@RadioTeleSuisse ,,,http://www.rts.ch,FR,Massenmediale Öffentlichkeit,öffentlicher Rundfunk,CH
Radio Tell,Radio Tell,,,,http://www.radiotell.ch/radiotell/start.asp,DE,Massenmediale Öffentlichkeit,Kommerzielles Privatradio,CH
Radio Top,Radio Top,@RADIO_TOP_CH ,,,http://www.radiotop.ch/,DE,Massenmediale Öffentlichkeit,Kommerzielles Privatradio,CH
Radio Top Two,Radio Top Two, ,,,http://www.toptwo.ch/ueber-uns/programm/,DE,Massenmediale Öffentlichkeit,Kommerzielles Privatradio,CH
Radio Tropic,Radio Tropic,,,,http://www.radio-tropic.ch/,DE,Massenmediale Öffentlichkeit,Kommerzielles Privatradio,CH
Radio Unimix,Radio Unimix,@UnimixFR ,,,http://radiounimix.ch/,"DE,FR",Massenmediale Öffentlichkeit,Hochschulradio (Universität Fribourg),CH
Radio X,Radio X,,,,http://www.radiox.ch/,DE,Massenmediale Öffentlichkeit,nicht-kommerzorientiertes Lokalradio ,CH
Radio Zürisee,Radio Zürisee,@zuerisee ,,,http://www.radio.ch/,DE,Massenmediale Öffentlichkeit,Kommerzielles Privatradio,CH
Radiotelevisione svizzra,RSI, ,,,http://www.rsi.ch,IT,Massenmediale Öffentlichkeit,öffentlicher Rundfunk,CH
Radiotelevisiun Svizra Rumantscha,RTR, ,,,http://www.rtr.ch,RM,Massenmediale Öffentlichkeit,öffentlicher Rundfunk,CH
Reader's Digest Schweiz,Reader's Digest Schweiz,,,,http://www.readersdigest.ch,"DE,FR",Massenmediale Öffentlichkeit,Monatszeitschrift,CH
Regiolive.ch,Regiolive.ch,@regiolive_ch ,,,http://www.regiolive.ch,DE,Massenmediale Öffentlichkeit,Newsportal,CH
Reussbote,RB,@Reussbote ,,,http://www.reussbote.ch/,DE,Massenmediale Öffentlichkeit,2x wöchentlich,CH
Rheintalische Volkszeitung,Rheintalische Volkszeitung, ,,,http://www.rheintalverlag.ch/index.asp?topic_id=399,DE,Massenmediale Öffentlichkeit,Tageszeitung,CH
Rhone FM,Rhone FM,,,,http://www.rhonefm.ch/fr/,FR,Massenmediale Öffentlichkeit,Kommerzielles Privatradio,CH
RhoneZeitung,RZ,@RhoneZeitung1 ,,,http://www.rz-online.ch/,DE,Massenmediale Öffentlichkeit,14-täglich,CH
Riehener Zeitung,Riehener-Zeitung, ,,,http://www.riehener-zeitung.ch/content.cfm?nav=1&content=2,DE,Massenmediale Öffentlichkeit,Wochenzeitung,CH
Rigi Anzeiger,"Rigi-Anzeiger, RA",,,,http://www.rigianzeiger.ch/,DE,Massenmediale Öffentlichkeit,Wochenblatt,CH
Rigi Post,Rigi-Post,,,,http://www.rigipost.ch/,DE,Massenmediale Öffentlichkeit,Wochenblatt,CH
Rivista di Bellinzona,"Rivista di Bellinzona, RB",,,,http://www.casagrande-online.ch/Edizioni/rb/,IT,Massenmediale Öffentlichkeit,Monatszeitung,CH
Rivista di Lugano,Rivista di Lugano,,,,,IT,Massenmediale Öffentlichkeit,Wochenzeitung,CH
Rouge FM,Rouge FM,,,,http://www.rougefm.com/,FR,Massenmediale Öffentlichkeit,Kommerzielles Privatradio,CH
RSI La 1,RSI La 1,@RSIonline ,,,http://www.rsi.ch/la1/,IT,Massenmediale Öffentlichkeit,TV-Station,CH
RSI La 2,RSI La 2,@RSIonline ,,,http://www.rsi.ch/la2/,IT,Massenmediale Öffentlichkeit,TV-Station,CH
RTS Deux,RTS Deux,@RTSUnDeux,,,http://www.rts.ch/,FR,Massenmediale Öffentlichkeit,TV-Station,CH
RTS Un,RTS Un,@RTSUnDeux,,,http://www.rts.ch/,FR,Massenmediale Öffentlichkeit,TV-Station,CH
Ruinaulta,Ruinaulta,,,,,DE,Massenmediale Öffentlichkeit,Wochenzeitung,CH
Rümlanger,Rümlanger,,,,http://www.zuonline.ch/ruemlanger/index.html,DE,Massenmediale Öffentlichkeit,Wochenzeitung,CH
Rundschau Nord,Rundschau Nord,,,,http://www.effingerhof.ch/fileadmin/seiteninhalt/dateien/Verlag/Online-Ausgaben/rsn/1/,DE,Massenmediale Öffentlichkeit,Wochenblatt,CH
Rundschau Süd,Rundschau Süd,,,,http://www.effingerhof.ch/site2013/fileadmin/seiteninhalt/dateien/Verlag/Online-Ausgaben/rss/1/,DE,Massenmediale Öffentlichkeit,Wochenblatt,CH
S1,S1,,,,http://www.s1tv.ch/,DE,Massenmediale Öffentlichkeit,TV-Station,CH
Saldo,saldo.ch, ,,,www.saldo.ch,DE,Massenmediale Öffentlichkeit,Print und Online,CH
Sarganserländer,Sarganserländer,@sarganserlander ,,,http://www.sarganserlaender.ch,DE,Massenmediale Öffentlichkeit,Tageszeitung,CH
Schaffhauser AZ,Schaffhauser AZ,@az_redaktion ,,,http://www.schaffhauseraz.ch/,DE,Massenmediale Öffentlichkeit,Wochenzeitung,CH
Schaffhauser Bock,Schaffhauser Bock, ,,,http://bockonline.ch/,DE,Massenmediale Öffentlichkeit,Wochenblatt,CH
Schaffhauser Landzeitung,Schaffhauser Landzeitung,,,,http://www.schaffhauserlandzeitung.ch/,DE,Massenmediale Öffentlichkeit,3x wöchentlich,CH
Schaffhauser Nachrichten,Schaffhauser Nachrichten,,,,http://www.shn.ch/,DE,Massenmediale Öffentlichkeit,Tageszeitung,CH
Schweiz 5,U1 TV,,,,,DE,Massenmediale Öffentlichkeit,Private TV-Station,
Schweiz am Wochenende,,,,,https://www.schweizamwochenende.ch/,DE,Massenmediale Öffentlichkeit,Wochenendzeitung,
Schweiz am Sonntag,ot Schweiz am Sonntag,@schweiz_sonntag ,,,http://ot.sonntagonline.ch/,DE,Massenmediale Öffentlichkeit,Sonntagszeitung,CH
Schweiz am Sonntag,SamS,@schweiz_sonntag ,,,http://www.schweizamsonntag.ch/,DE,Massenmediale Öffentlichkeit,Sonntagszeitung,CH
Schweiz am Sonntag,zt Schweiz am Sonntag,@schweiz_sonntag ,,,http://zt.sonntagonline.ch/,DE,Massenmediale Öffentlichkeit,Sonntagszeitung,CH
Schweiz am Sonntag Aargau,Schweiz am Sonntag Aargau,@schweiz_sonntag ,,,http://www.schweizamsonntag.ch/,DE,Massenmediale Öffentlichkeit,Sonntagszeitung,CH
Schweiz am Sonntag Basel,Schweiz am Sonntag Basel,@schweiz_sonntag ,,,http://www.schweizamsonntag.ch/basel/,DE,Massenmediale Öffentlichkeit,Sonntagszeitung,CH
Schweiz am Sonntag Limmattal,Schweiz am Sonntag Limmattal,@schweiz_sonntag ,,,http://www.schweizamsonntag.ch/,DE,Massenmediale Öffentlichkeit,Sonntagszeitung,CH
Schweiz am Sonntag Solothurn/Oberaargau,Schweiz am Sonntag Solothurn/Oberaargau,@schweiz_sonntag ,,,http://www.schweizamsonntag.ch/,DE,Massenmediale Öffentlichkeit,Sonntagszeitung,CH
"Schweiz am Sonntag, Nordwestschweiz","Schweiz am Sonntag, Nordwestschweiz",@schweiz_sonntag ,,,http://www.schweizamsonntag.ch/,DE,Massenmediale Öffentlichkeit,Sonntagszeitung,CH
"Schweiz am Sonntag, Südostschweiz","Schweiz am Sonntag, Südostschweiz",@schweiz_sonntag ,,,http://www.schweizamsonntag.ch/,DE,Massenmediale Öffentlichkeit,Sonntagszeitung,CH
Schweizer Familie,Schweizer Familie,@chfamilie ,,,http://www.schweizerfamilie.ch/,DE,Massenmediale Öffentlichkeit,Zeitschrift,CH
Schweizer Illustrierte,Schweizer Illustrierte,@schweizerillu,,,http://www.schweizer-illustrierte.ch/,DE,Massenmediale Öffentlichkeit,Zeitschrift,CH
Schweizer Illustrierte,SI Style,@SIStyle_Magazin ,,,http://www.sistyle.ch/,DE,Massenmediale Öffentlichkeit,Zeitschrift,CH
Schweizer Journalist,,,,,http://www.schweizer-journalist.ch/,DE,Massenmediale Öffentlichkeit,Fachzeitschrift,
Schweizer Radio und Fernsehen,SRF,@SRF,,,http://www.srf.ch/,DE,Massenmediale Öffentlichkeit,Öffentlich-rechtlicher Rundfunk,CH
Schweizerische Depeschenagentur,SDA, ,,,http://www.sda.ch,"DE,FR,IT",Massenmediale Öffentlichkeit,Nachrichtenagentur,CH
Seetaler Bote,Seetaler Bote,@SeetalerBote ,,,http://www.seetalerbote.ch/,DE,Massenmediale Öffentlichkeit,Wochenzeitung,CH
Sempacher Woche,Sempacher Woche,,,,http://www.sempacherwoche.ch/,DE,Massenmediale Öffentlichkeit,Wochenblatt,CH
sept,,,,,http://www.sept.info/,FR,Massenmediale Öffentlichkeit,Internetzeitung (investigativer Slow-Journalismus),
Sihltaler,Sihltaler (Zürichsee-Zeitung), ,,,http://www.sihltaler.ch/,DE,Massenmediale Öffentlichkeit,Tageszeitung,CH
Simmentaler Anzeiger,Simmentaler Anzeiger,,,,http://www.ilg.ch/simmentaler-anzeiger/,DE,Massenmediale Öffentlichkeit,Wochenblatt,CH
Soaktuell,Soaktuell,@soaktuell ,,,http://www.soaktuell.ch,DE,Massenmediale Öffentlichkeit,Internet-Zeitung,CH
Solothurner Woche,Solothurner Woche,,,,http://www.solothurnerwoche.ch/,DE,Massenmediale Öffentlichkeit,Wochenblatt,CH
Solothurner Zeitung,Solothurner Zeitung, ,,,http://www.solothurnerzeitung.ch,DE,Massenmediale Öffentlichkeit,Tageszeitung,
Sonntagsblick,Sonntags-Blick,@sonntags_blick ,,,http://www.blick.ch/sonntagsblick/,DE,Massenmediale Öffentlichkeit,Sonntagszeitung,CH
SonntagsZeitung,Sonntagszeitung,@sonntagszeitung,,,http://www.sonntagszeitung.ch,DE,Massenmediale Öffentlichkeit,Sonntagszeitung,CH
SRF 1,SRF,,,,http://www.srf.ch/radio-srf-1,DE,Massenmediale Öffentlichkeit,öffentlich-rechtlicher Rundfunk,CH
SRF 1,SRF,@SRF ,,,http://www.srf.ch/tv,DE,Massenmediale Öffentlichkeit,TV-Station,CH
SRF 2,SRF Kultur,@srfkultur ,,,http://www.srf.ch/radio-srf-2-kultur,DE,Massenmediale Öffentlichkeit,öffentlich-rechtlicher Rundfunk,CH
SRF 2,SRF,@SRF ,,,http://www.srf.ch/tv,DE,Massenmediale Öffentlichkeit,TV-Station,CH
SRF 3,SRF,@srf3 ,,,http://www.srf.ch/radio-srf-3,DE,Massenmediale Öffentlichkeit,öffentlich-rechtlicher Rundfunk,CH
SRF 4 News,SRF,@srfnews ,,,http://www.srf.ch/radio-srf-4-news,DE,Massenmediale Öffentlichkeit,öffentlich-rechtlicher Rundfunk,CH
SRF Info,SRF,@SRF ,,,http://www.srf.ch/tv,DE,Massenmediale Öffentlichkeit,TV-Station,CH
SRF Musikwelle,SRF,,,,http://www.srf.ch/radio-srf-musikwelle/,DE,Massenmediale Öffentlichkeit,öffentlich-rechtlicher Rundfunk,CH
SRF Virus,SRF,@srfvirus ,,,http://www.virus.ch/,DE,Massenmediale Öffentlichkeit,öffentlich-rechtlicher Rundfunk,CH
SRG SSR Idee Suisse,SRG,@SRGSSR ,,,http://www.srgssr.ch,"DE,FR,IT,RM,EN",Massenmediale Öffentlichkeit,TV und Radio,CH
St. Galler Tagblatt,Tagblatt,@tagblatt_ch ,,,http://www.tagblatt.ch/,DE,Massenmediale Öffentlichkeit,Tageszeitung,CH
StadtAnzeiger Olten,StadtAnzeiger Olten,,,,http://www.stadtanzeiger-olten.ch/,DE,Massenmediale Öffentlichkeit,Wochenblatt,CH
Stadt-Anzeiger Opfikon/Glattbrugg,Stadt-Anzeiger Opfikon/Glattbrugg,,,,http://www.stadt-anzeiger.ch/stadt-anzeiger-aktuell/,DE,Massenmediale Öffentlichkeit,Wochenblatt,CH
Star TV,Star TV,@startv ,,,http://www.startv.ch/,DE,Massenmediale Öffentlichkeit,TV-Station,CH
Südostschweiz,Südostschweiz - Bündner Tagblatt,@suedostschweiz ,,,http://www.suedostschweiz.ch/zeitung/buendner-tagblatt,DE,Massenmediale Öffentlichkeit,Tageszeitung,CH
Südostschweiz - Gaster und See,Südostschweiz - Gaster und See,@suedostschweiz ,,,http://www.suedostschweiz.ch/region/gaster_see,DE,Massenmediale Öffentlichkeit,Tageszeitung,CH
Südostschweiz - Glarus,Südostschweiz - Glarus,@suedostschweiz ,,,http://www.suedostschweiz.ch/region/glarus,DE,Massenmediale Öffentlichkeit,Tageszeitung,CH
Südostschweiz - Graubünden,Südostschweiz - Graubünden,@suedostschweiz ,,,http://www.suedostschweiz.ch/region/graubuenden,DE,Massenmediale Öffentlichkeit,Tageszeitung,CH
Südostschweiz - La Quotidiana,Südostschweiz - La Quotidiana,@suedostschweiz ,,,http://www.suedostschweiz.ch/zeitung/la-quotidiana,RM,Massenmediale Öffentlichkeit,Tageszeitung,CH
Südostschweiz am Sonntag - Gaster und See,Südostschweiz am Sonntag - Gaster und See,@suedostschweiz ,,,http://www.suedostschweiz.ch/region/gaster_see,DE,Massenmediale Öffentlichkeit,Sonntagszeitung,CH
Südostschweiz am Sonntag - Glarus,Südostschweiz am Sonntag - Glarus,@suedostschweiz ,,,http://www.suedostschweiz.ch/region/glarus,DE,Massenmediale Öffentlichkeit,Sonntagszeitung,CH
Südostschweiz am Sonntag - Graubünden,Südostschweiz am Sonntag - Graubünden,@suedostschweiz ,,,http://www.suedostschweiz.ch/region/graubuenden,DE,Massenmediale Öffentlichkeit,Sonntagszeitung,CH
Surentaler,Trienger Anzeiger,,,,http://www.triengeranzeiger.ch/,DE,Massenmediale Öffentlichkeit,Wochenblatt,CH
Surseer Woche,SUR,@SurseerWoche ,,,http://www.surseerwoche.ch/,DE,Massenmediale Öffentlichkeit,Wochenzeitung,CH
Swiss Media Statistics,Swiss Media Statistics, ,,,http://www.bfs.admin.ch/bfs/portal/en/index/institutionen/bundesamt_fuer_statistik/organisation/blank/gs/poku.html,"DE,FR,IT,RM,EN",Massenmediale Öffentlichkeit,Bundesbehörde (in Entwicklung),CH
Swissinfo,Swissinfo,@swissinfo_en (englisch),,,http://www.swissinfo.ch,"DE,FR,IT,EN,ES,PT,ZH,AR,RU,JA",Massenmediale Öffentlichkeit,Newsportal,CH
Tagblatt der Stadt Zürich,Tagblatt der Stadt Zürich, ,,,http://www.tagblattzuerich.ch/meta/home.html,DE,Massenmediale Öffentlichkeit,Wochenblatt,CH
Tages-Anzeiger,Tagi,@tagesanzeiger ,,,http://www.tagesanzeiger.ch,DE,Massenmediale Öffentlichkeit,Tageszeitung,CH
TagesWoche,Tageswoche,@tageswoche ,,,http://www.tageswoche.ch,DE,Massenmediale Öffentlichkeit,Wochenzeitung (aber täglich im Internet),CH
TELE,tele.ch, ,,,http://www.tele.ch,DE,Massenmediale Öffentlichkeit,Zeitschrift,CH
Tele 1,Tele 1,,,,http://www.tele1.ch/,DE,Massenmediale Öffentlichkeit,TV-Station,CH
Tele Bärn,Tele Bärn,@TeleBaernTV ,,,http://www.telebaern.tv/,DE,Massenmediale Öffentlichkeit,TV-Station,CH
Tele Basel,Tele Basel,@Telebasel ,,,http://www.telebasel.ch/,DE,Massenmediale Öffentlichkeit,TV-Station,CH
Tele Blocher,Tele Blocher,,,,http://www.teleblocher.ch/,DE,Massenmediale Öffentlichkeit,TV-Station,CH
Tele D,Tele Diessenhofen,,,,http://www.tele-d.ch/,DE,Massenmediale Öffentlichkeit,TV-Station,CH
Tele M1,Tele M1, ,,,http://www.telem1.ch/,DE,Massenmediale Öffentlichkeit,TV-Station,CH
Tele Südostschweiz,TSO, ,,,http://www.telesuedostschweiz.ch/,DE,Massenmediale Öffentlichkeit,TV-Station,CH
Tele Ticino,ticinonews.ch,"@ticinonews
@Teleticino",,,www.ticinonews.ch,IT,Massenmediale Öffentlichkeit,Newsportal,CH
Tele Ticino,Tele Ticino,@Teleticino,,,http://www.teleticino.ch/,IT,Massenmediale Öffentlichkeit,TV-Station,CH
Tele Top,Tele Top,@TELETOPCH ,,,http://www.teletop.ch/,DE,Massenmediale Öffentlichkeit,TV-Station,CH
Tele Züri,Tele Züri,@MarkusGilli,,,http://www.telezueri.ch/,DE,Massenmediale Öffentlichkeit,TV-Station,CH
Tele Z,Tele Z,,,,http://www.telez.ch,DE,Massenmediale Öffentlichkeit,Regionaler Fernsehsender,
TeleBilingue,TeleBilingue,,,,http://www.telebielingue.ch/,"DE,FR",Massenmediale Öffentlichkeit,TV-Station,CH
Teleclub,Teleclub,@TeleclubAG,,,http://www.teleclub.ch/,DE,Massenmediale Öffentlichkeit,TV-Station,CH
Teletext,Teletext,,,,http://www.teletext.ch,"DE,FR,IT",Massenmediale Öffentlichkeit,Teletext,CH
"Teletext RSI LA 1, RSI LA 2","Teletext RSI LA 1, RSI LA 2",,,,http://www.teletext.ch/RSILA1/100-01.html,IT,Massenmediale Öffentlichkeit,Teletext,CH
"Teletext RTS Un, RTS deux","Teletext RTS Un, RTS deux",,,,http://www.teletext.ch/TSR1/100-01.html,FR,Massenmediale Öffentlichkeit,Teletext,CH
Television Rumantscha,RTR, ,,,http://www.rtr.ch/home/televisiun/emissiuns.html,RM,Massenmediale Öffentlichkeit,TV-Station,CH
Tessiner Zeitung,Tessiner Zeitung,,,,http://www.tessinerzeitung.ch/de/home.php,DE,Massenmediale Öffentlichkeit,Wochenzeitung,CH
Thalwiler Anzeiger,Thalwiler Anzeiger (Zürichsee-Zeitung),,,,http://www.thalwileranzeiger.ch/,DE,Massenmediale Öffentlichkeit,Tageszeitung,CH
The Local,The Local Switzerland,,,,http://www.thelocal.ch,EN,Massenmediale Öffentlichkeit,Newsportal,CH
Thollon La Radio plus,Thollon La Radio plus,@laradioplus ,,,http://www.laradioplus.com/,FR,Massenmediale Öffentlichkeit,Kommerzielles Privatradio,CH
Thuner Amtsanzeiger,Thuner Amtsanzeiger,,,,http://www.thuneramtsanzeiger.ch/,DE,Massenmediale Öffentlichkeit,Wochenblatt,CH
Thuner Tagblatt,TT,,,,http://tt.bernerzeitung.ch/,DE,Massenmediale Öffentlichkeit,Tageszeitung,CH
Thurgauer Zeitung,Thurgauer Zeitung,@tagblatt_ch ,,,http://www.thurgauerzeitung.ch/,DE,Massenmediale Öffentlichkeit,Tageszeitung,CH
TicinoSette,Ticino7,,,,http://www.ticino7.ch,IT,Massenmediale Öffentlichkeit,Wochenmagazin,CH
Toggenburger Nachrichten,Toggenburger Nachrichten,,,,http://www.toggenburgernachrichten.ch/,DE,Massenmediale Öffentlichkeit,2x wöchentlich,CH
Toggenburger Tagblatt,Toggenburger Tagblatt,@tagblatt_ch ,,,http://www.toggenburgertagblatt.ch/,DE,Massenmediale Öffentlichkeit,Tageszeitung,CH
Tout l'Immobilier,Tout l'Emploi,,,,http://www.toutemploi.ch/,FR,Massenmediale Öffentlichkeit,Wochenblatt,CH
Toxic.fm,Toxic.fm,@toxicfm ,,,http://www.toxic.fm/,DE,Massenmediale Öffentlichkeit,nicht-kommerzorientiertes Lokalradio ,CH
Tribune de Genève,TdG,@tdgch ,,,http://www.tdg.ch,FR,Massenmediale Öffentlichkeit,Tageszeitung,CH
TV Leman Bleu,TV Leman Bleu,,,,http://www.lemanbleu.ch/,FR,Massenmediale Öffentlichkeit,TV-Station,CH
TVO,TVO,@tvo_online,Tagblatt Medien AG,,http://www.tvo-online.ch/,DE,Massenmediale Öffentlichkeit,TV-Station,CH
TV24,,,AZ Medien AG,,http://www.tv24.ch/,DE,Massenmediale Öffentlichkeit,Seit Frühling 2014 Fernsehsender der AZ Medien,
TV25,,,AZ Medien AG,,,DE,Massenmediale Öffentlichkeit,Ab 2. Quartal 2016 neuer Privatfernsehsender der AZ Medien,
UnternehmerZeitung,Unternehmer Zeitung,@UZBusinesspress ,,,http://www.unternehmerzeitung.ch,DE,Massenmediale Öffentlichkeit,10 Ausgaben pro Jahr,CH
Urner Wochenblatt,Urner Wochenblatt,@_Wochenblatt ,,,http://www.urnerwochenblatt.ch/start.asp?level=2,DE,Massenmediale Öffentlichkeit,2x wöchentlich,CH
VBZ Westnetz,"Westnetz, Die Quartierplattform von und für Zürich-West",@westnetz,,,http://www.westnetz.ch,DE,Massenmediale Öffentlichkeit,Newsportal,CH
Voce di Blenio,Voce di Blenio, ,,,http://www.vocediblenio.ch/,IT,Massenmediale Öffentlichkeit,Wochenblatt,CH
Volksstimme,Volksstimme (Oberbaselbiet),@Volksstimme_CH ,,,http://www.volksstimme.ch/,DE,Massenmediale Öffentlichkeit,3x wöchentlich,CH
Walliser Bote,WB,,,,http://www.1815.ch,DE,Massenmediale Öffentlichkeit,Tageszeitung,CH
Watson,Watson,@watson_news ,,,www.watson.ch,DE,Massenmediale Öffentlichkeit,Newsportal,CH
Werbewoche,Media Trend Journal,@Werbewoche ,,,http://www.werbewoche.ch,DE,Massenmediale Öffentlichkeit,Digitales Medienmagazin,CH
Werdenberger & Obertoggenburger,Wundo, ,,,http://www.wundo.ch,DE,Massenmediale Öffentlichkeit,Tageszeitung,CH
Wiggertaler,Wiggertaler, ,,,http://www.wiggertaler.ch/,DE,Massenmediale Öffentlichkeit,Wochenblatt,CH
Wiggertaler Bote,Willisauer Bote,,,,http://www.wiggertalerbote.ch/wiggertal,DE,Massenmediale Öffentlichkeit,2x wöchentlich,CH
Wiler Zeitung,Wiler Zeitung,@WilerZeitung ,,,http://www.wilerzeitung.ch/,DE,Massenmediale Öffentlichkeit,Tageszeitung,CH
Willisauer Bote,WB,@WillisauerBote ,,,http://www.willisauerbote.ch/,DE,Massenmediale Öffentlichkeit,2x wöchentlich,CH
Winterthurer Stadtanzeiger,Stadi, ,,,http://www.stadi-online.ch/,DE,Massenmediale Öffentlichkeit,Wochenblatt,CH
Wochenblatt für das Birseck und Dorneck,WOB,,,,http://www.wochenblatt.ch/wob/,DE,Massenmediale Öffentlichkeit,Wochenblatt,CH
"Wochenblatt für das Schwarzbubenland und Laufental, Breitenbach",WOS,,,,http://www.wochenblatt.ch/wos/,DE,Massenmediale Öffentlichkeit,Wochenblatt,CH
Wochenspiegel,Wochenspiegel,,,,http://wochenspiegel.ch/,DE,Massenmediale Öffentlichkeit,Wochenblatt,CH
Wochen-Zeitung,Wochen-Zeitung für das Emmental und Entlebuch,@Wochen_Zeitung ,,,http://www.wochen-zeitung.ch/,DE,Massenmediale Öffentlichkeit,Wochenblatt,CH
Wohler Anzeiger,Wohler Anzeiger,,,,http://wohleranzeiger.ch/,DE,Massenmediale Öffentlichkeit,2x wöchentlich,CH
World Radio Switzerland,"WRS, Lake Geneva's Voice",@wrs ,,,http://www.worldradio.ch,EN,Massenmediale Öffentlichkeit,Radio (BBC-Partner),CH
Wynentaler Blatt,Wynentaler Blatt,@WynentalerBlatt ,,,http://www.wynentaler-blatt.ch/,DE,Massenmediale Öffentlichkeit,Wochenzeitung,CH
yes FM,yes FM,,,,http://www.yesfm.ch/,FR,Massenmediale Öffentlichkeit,Kommerzielles Privatradio,CH
Zeit-Fragen,Zeit-Fragen,,,,http://www.zeit-fragen.ch,DE,Massenmediale Öffentlichkeit,Wochenzeitung,CH
Zentral+,Zentralplus,@zentralplus,,,http://www.zentralplus.ch,DE,Massenmediale Öffentlichkeit,Newsportal,CH
Zentralschweiz am Sonntag,Zentralschweiz am Sonntag,,,,http://www.luzernerzeitung.ch/,DE,Massenmediale Öffentlichkeit,Sonntagszeitung,CH
Zofinger Tagblatt,Zofinger Tagblatt,@zt_info ,,,http://www.zofingertagblatt.ch,DE,Massenmediale Öffentlichkeit,Tageszeitung,CH
Zuger Presse,Zuger Presse,,,,http://www.zugerpresse.ch/,DE,Massenmediale Öffentlichkeit,Wochenblatt,CH
Zugerbieter,Zuger Presse,,,,http://www.zugerpresse.ch/,DE,Massenmediale Öffentlichkeit,Wochenblatt,CH
Zürcher Oberländer,Zürcher Oberländer, ,,,http://www.zol.ch,DE,Massenmediale Öffentlichkeit,Tageszeitung,CH
Zürcher Unterländer,"zuonline.ch, ZU",@ZUnterland ,,,http://www.zuonline.ch,DE,Massenmediale Öffentlichkeit,Tageszeitung,CH
Züriberg / Neumünsterpost,Züriberg / Neumünsterpost,,,,http://neu.lokalinfo.ch/home-lokalinfo/archiv/zueriberg/zueriberg-7-august-2014/,DE,Massenmediale Öffentlichkeit,Wochenblatt,CH
Zürich 2,Zürich 2,,,,http://neu.lokalinfo.ch/home-lokalinfo/archiv/zuerich-2/zuerich-2-7-august-2014/,DE,Massenmediale Öffentlichkeit,Wochenblatt,CH
Zürich Nord,Zürich Nord,,,,http://neu.lokalinfo.ch/home-lokalinfo/archiv/zuerich-nord/zuerich-nord-7-august-2014/,DE,Massenmediale Öffentlichkeit,Wochenblatt,CH
ZüriPlus,Tele Z,,,,http://www.telez.ch/,DE,Massenmediale Öffentlichkeit,Regionalfernsehsender,
Zürich West,Zürich West,,,,http://neu.lokalinfo.ch/home-lokalinfo/archiv/zuerich-west/zuerich-west-7-august-2014/,DE,Massenmediale Öffentlichkeit,Wochenblatt,CH
Zürichsee Zeitung,"zsz.ch, ZSZ",@ZSZonline ,,,http://www.zsz.ch,DE,Massenmediale Öffentlichkeit,Tageszeitung,CH
Zürichsee Zeitung Bezirk Horgen,Zürichsee Zeitung Bezirk Horgen,@ZSZonline ,,,http://www.zsz.ch/horgen/index.html,DE,Massenmediale Öffentlichkeit,Tageszeitung,CH
Zürichsee Zeitung Bezirk Meilen,Zürichsee Zeitung Bezirk Meilen,@ZSZonline ,,,http://www.zsz.ch/meilen/index.html,DE,Massenmediale Öffentlichkeit,Tageszeitung,CH
Zürichsee Zeitung Obersee,Zürichsee Zeitung Obersee,@ZSZonline ,,,http://www.zsz.ch/obersee/index.html,DE,Massenmediale Öffentlichkeit,Tageszeitung,CH
