Name,(Sonstige) Bezeichnung / Abk.,Country,Category,Verifier,URL,URL-Sprache,Verlagshaus,Twitter-Account,Username,Follower,Tweets,URL-Twitter
Infosperber,,CH,Infosperber ist die Online-Plattform für unabhängige Information.,Vincenzo,http://www.infosperber.ch/,DE,,@infosperber,Infosperber,2107,4853,https://twitter.com/infosperber
1815.ch,,CH,,Vincenzo,http://www.1815.ch/,,,@1815_online,1815.ch ,718,14 Tsd,https://twitter.com/1815_online
20 Minuten,20min.ch,CH,Kostenlose Pendlerzeitung,Vincenzo,http://www.20min.ch/,DE,Tamedia (20 Minuten AG),@20min,20 Minuten Friday,89.5 Tsd,37.4 Tsd,https://twitter.com/20min
20 Minuten Basel,20min.ch,CH,Kostenlose Pendlerzeitung,Vincenzo,http://www.20min.ch/schweiz/basel/,DE,Tamedia (20 Minuten AG),@20min,20 Minuten Friday,89.5 Tsd,37.4 Tsd,https://twitter.com/20min
20 Minuten Bern,20min.ch,CH,Kostenlose Pendlerzeitung,Vincenzo,http://www.20min.ch/schweiz/bern/,DE,Tamedia (20 Minuten AG),@20min,20 Minuten Friday,89.5 Tsd,37.4 Tsd,https://twitter.com/20min
20 Minuten Digital,,CH,,Vincenzo,http://www.20min.ch/digital/,,,@20min_digital,20 Minuten Digital,32.1 Tsd,5'270,https://twitter.com/20min_digital
20 Minuten Friday,20 Minuten Friday,CH,Wochenmagazin,Vincenzo,http://www.20min.ch/friday/,DE,Tamedia AG,@20min_friday,20 Minuten Friday,244,1,https://twitter.com/20min_Friday
20 Minuten Luzern,20min.ch,CH,Kostenlose Pendlerzeitung,Vincenzo,http://www.20min.ch/schweiz/zentralschweiz/,DE,Tamedia (20 Minuten AG),@20min,20 Minuten Friday,89.5 Tsd,37.4 Tsd,https://twitter.com/20min
20 Minuten People,,CH,,Vincenzo,http://www.20min.ch/people/,,,@20min_people,20 Minuten People,2'454,2'322,https://twitter.com/20min_people
20 Minuten Sport,,CH,,Vincenzo,http://www.20min.ch/sport/,,,@20min_sportnews,20 Minuten Sport,26.8 Tsd,5'627,https://twitter.com/20min_sportnews
20 Minuten St. Gallen,20min.ch,CH,Kostenlose Pendlerzeitung,Vincenzo,http://www.20min.ch/schweiz/ostschweiz/,DE,Tamedia (20 Minuten AG),@20min,20 Minuten Friday,89.5 Tsd,37.4 Tsd,https://twitter.com/20min
20 Minuten Zürich,20min.ch,CH,Kostenlose Pendlerzeitung,Vincenzo,http://www.20min.ch/schweiz/zuerich/,DE,Tamedia (20 Minuten AG),@20min,20 Minuten Friday,89.5 Tsd,37.4 Tsd,https://twitter.com/20min
3+,3plus,CH,TV-Station,Vincenzo,http://www.3plus.tv/,DE,3 Plus TV Network AG,@3_plus,3+ TV,186,843,https://twitter.com/3_plus
Aargauer Zeitung,Aargauer Zeitung,CH,Tageszeitung,Vincenzo,http://www.aargauerzeitung.ch/,DE,AZ Medien AG,@AargauerZeitung,AargauerZeitung,3'503,17.5 Tsd,https://twitter.com/AargauerZeitung
Aargauer Zeitung,Aargauer Zeitung Aarau,CH,Tageszeitung,Vincenzo,http://www.aargauerzeitung.ch/aargau/aarau,DE,AZ Medien AG,@AargauerZeitung,AargauerZeitung,3'503,17.5 Tsd,https://twitter.com/AargauerZeitung
Aargauer Zeitung,Aargauer Zeitung Baden,CH,Tageszeitung,Vincenzo,http://www.aargauerzeitung.ch/aargau/baden,DE,AZ Medien AG,@AargauerZeitung,AargauerZeitung,3'503,17.5 Tsd,https://twitter.com/AargauerZeitung
Aargauer Zeitung,Aargauer Zeitung Freiamt,CH,Tageszeitung,Vincenzo,http://www.aargauerzeitung.ch/aargau/freiamt,DE,AZ Medien AG,@AargauerZeitung,AargauerZeitung,3'503,17.5 Tsd,https://twitter.com/AargauerZeitung
Aargauer Zeitung,Aargauer Zeitung Fricktal,CH,Tageszeitung,Vincenzo,http://www.aargauerzeitung.ch/aargau/fricktal,DE,AZ Medien AG,@AargauerZeitung,AargauerZeitung,3'503,17.5 Tsd,https://twitter.com/AargauerZeitung
Annabelle,,CH,,Vincenzo,http://www.annabelle.ch/,,,@annabelle_mag,annabelle magazine,1'305,8'377,https://twitter.com/annabelle_mag
Anzeiger von Saanen,Anzeiger von Saanen,CH,2x wöchentlich,Vincenzo,http://www.anzeigervonsaanen.ch,DE,Müller Marketing & Druck AG,@anzeigersaanen,Anzeiger von Saanen,154,5'505,https://twitter.com/anzeigersaanen
Arolfinger Lokalfernsehen,ALF-TV,CH,TV-Station,Vincenzo,http://www.alf-tv.ch/,DE,ALF TV,@AlfTVch,Alf-TV,173,94,https://twitter.com/AlfTVch
azSolothurnerZeitung,,CH,,Vincenzo,http://www.solothurnerzeitung.ch/,,,@azSolothurn,azSolothurnerZeitung,504,5'093,https://twitter.com/azSolothurn
Barfi,Barfi,CH,Onlineportal,Vincenzo,http://barfi.ch/,DE,,@barfi_news,barfi.ch,443,1024,https://twitter.com/barfi_news?lang=de
Basler Zeitung,BaZ,CH,Tageszeitung,Vincenzo,www.baslerzeitung.ch,DE,National Zeitung und Basler Nachrichten AG,@bazonline,Basler Zeitung,9'560,36.5 Tsd,https://twitter.com/bazonline
Beobachter,Beobachter,CH,Zeitschrift,Vincenzo,http://www.beobachter.ch,DE,Axel Springer Schweiz AG,@BeobachterRat,Beobachter ,2'267,1'486,https://twitter.com/BeobachterRat
Beobachter Natur,Beobachter Natur,CH,Monatsmagazin,Vincenzo,http://www.beobachter.ch/natur/,DE,Axel Springer Schweiz AG,@BeobachterNatur,BeobachterNatur,429,278,https://twitter.com/BeobachterNatur
Berner Oberländer,BO,CH,Tageszeitung,Vincenzo,http://bo.bernerzeitung.ch/,DE,Tamedia AG,@BernerZeitung,bernerzeitung.ch,5'518,26.6 Tsd,https://twitter.com/BernerZeitung
Berner Zeitung,BZ,CH,Tageszeitung,Vincenzo,http://www.bernerzeitung.ch/,DE,Espace Media AG,@BernerZeitung,bernerzeitung.ch,5'518,26.6 Tsd,https://twitter.com/BernerZeitung
Bieler Tagblatt,Bieler Tagblatt,CH,Tageszeitung,Vincenzo,http://www.bielertagblatt.ch/,DE,W. Gassmann AG,@bielertagblatt,Bieler Tagblatt,914,6'548,https://twitter.com/bielertagblatt
Bilanz,Bilanz,CH,Zeitschrift (Magazin),Vincenzo,http://www.bilanz.ch,DE,Axel Springer Schweiz AG,@BILANZ,BILANZ,2'294,1'606,https://twitter.com/BILANZ
Blick,Blick,CH,Tageszeitung,Vincenzo,http://www.blick.ch,DE,Ringier AG,@Blickch,Blick,44.5 Tsd,14.5 Tsd,https://twitter.com/Blickch
Blick am Abend Basel,Blick am Abend-Regionalausgabe Basel,CH,Gratiszeitung,Vincenzo,http://www.blickamabend.ch,DE,Ringier AG,@blickamabend,Blick am Abend ,49.5 Tsd,14.7 Tsd,https://twitter.com/blickamabend
Blick am Abend Bern,Blick am Abend-Regionalausgabe Bern,CH,Gratiszeitung,Vincenzo,http://www.blickamabend.ch,DE,Ringier AG,@blickamabend_be,Blick am Abend Bern,1'500,1'237,https://twitter.com/blickamabend_be
Blick Sport,,CH,,Vincenzo,http://www.blick.ch/sport/,DE,Ringier AG,"@BLICK_Sport 
 ",BLICK Sport,5'637,16.4 Tsd,https://twitter.com/BLICK_Sport
BO Berner Oberländer,,CH,,Vincenzo,http://bo.bernerzeitung.ch/,,,@_BernerZeitung_,Bernerzeitung,823,946,https://twitter.com/_Bernerzeitung_
Bolero,,CH,,Vincenzo,http://www.boleromagazin.ch/,,,@BoleroMagazin,Bolero Magazin,458,340,https://twitter.com/BoleroMagazin
Bote der Urschweiz,suedostschweiz.ch - bote.ch,CH,Tageszeitung,Vincenzo,http://www.bote.ch/,DE,Bote der Urschweiz AG,@bote_online,Bote der Urschweiz,318,1'303,https://twitter.com/bote_online
"Bund, Der",Der Bund,CH,Tageszeitung,Vincenzo,http://www.derbund.ch/,DE,Espace Media AG,@_DerBund_,Der Bund,908,10,https://twitter.com/_DerBund_
Bündner Tagblatt,,CH,,Vincenzo,http://www.buendnertagblatt.ch/,,,@BundnerTagblatt,Bündner Tagblatt,505,202,https://twitter.com/BundnerTagblatt
BZ Basel,Nordwestschweiz Netz - bzbasel.ch,CH,Tageszeitung,Vincenzo,http://www.bzbasel.ch,DE,AZ Medien AG,@bzBasel,bzBasel,856,6'528,https://twitter.com/bzBasel
BZ Emmental,Berner Zeitung,CH,Tageszeitung,Vincenzo,http://www.bernerzeitung.ch/region/emmental/,DE,Tamedia AG,@BernerZeitung,bernerzeitung.ch,5'518,26.6 Tsd,https://twitter.com/BernerZeitung
BZ Langenthaler Tagblatt,Berner Zeitung,CH,Tageszeitung,Vincenzo,http://www.bernerzeitung.ch/services/aboservice/BZ-Langenthaler-Tagblatt/story/13060822,DE,Tamedia AG,@BernerZeitung,bernerzeitung.ch,5'518,26.6 Tsd,https://twitter.com/BernerZeitung
BZ Stadt & Region,Berner Zeitung,CH,Tageszeitung,Vincenzo,http://www.bernerzeitung.ch/,DE,Tamedia AG,@BernerZeitung,bernerzeitung.ch,5'518,26.6 Tsd,https://twitter.com/BernerZeitung
bzBaselland,,CH,,Vincenzo,http://www.basellandschaftlichezeitung.ch/,,,@bzBaselland,bzBaselland,376,6'449,https://twitter.com/bzBaselland
Canal 9,Canal 9,CH,Kommerzielles Privatradio,Vincenzo,http://www.canal9.ch/,"DE,FR",Canal9 / Kanal9,@canal9valais,Canal9,2'734,3'777,https://twitter.com/canal9valais
Cash,cash/borsalino.ch,CH,Onlineplattform,Vincenzo,http://www.cash.ch,DE,Ringier AG,@cashch,cash,1'846,10.9 Tsd,https://twitter.com/cashch
CHTV,CHTV,CH,Privat-TV-Station,Vincenzo,http://chtv.ch/,DE,,@chtvonline,CHTV,664,628,https://twitter.com/chtvonline?lang=de
Coopzeitung,Coopzeitung,CH,Wochenzeitung,Vincenzo,http://www.coopzeitung.ch/,DE,Coop Genossenschaft,@Coopzeitung,Coopzeitung,161,1'305,https://twitter.com/Coopzeitung
Das Magazin,Tagi Magi,CH,Wochenmagazin,Vincenzo,http://blog.dasmagazin.ch/,DE,Tamedia,@tagi_magi,Das Magazin,1'727,177,https://twitter.com/tagi_magi
Datenblog,,CH,Blog,Vincenzo,http://blog.tagesanzeiger.ch/datenblog/,DE,,@Datenblog112,Datenblog,2231,1328,https://twitter.com/Datenblog112
derbund.ch,,CH,,Vincenzo,http://www.derbund.ch/,,,@derbund,derbund.ch,2'469,20.1 Tsd,https://twitter.com/derbund
dieperspektive,,CH,,Vincenzo,http://www.dieperspektive.ch/,,,@dieperspektive,Die user generated content Zeitschrift aus Zürich. Es twittern @s_jacoby und @conradinz,646,451,https://twitter.com/dieperspektive
Einsiedler Anzeiger,,CH,,Vincenzo,http://www.einsiedleranzeiger.ch/,,,@EinsiedlerANZ,Einsiedler Anzeiger,104,1'161,https://twitter.com/EinsiedlerANZ
EnergieCH Basel-Bern,,CH,,Vincenzo,http://energiemax.blogspot.ch/,,,@energie_max,EnergieCH Basel-Bern,234,81,https://twitter.com/energie_max
Energy Basel,Energy Basel,CH,Kommerzielles Privatradio,Vincenzo,http://www.energy.ch/basel/,DE,Ringier AG,,energy_ch,5'269,3'647,https://twitter.com/energy_ch
Energy Bern,Energy Bern,CH,Kommerzielles Privatradio,Vincenzo,http://www.energy.ch/bern/,DE,Ringier AG,,energy_ch,5'269,3'647,https://twitter.com/energy_ch
Energy Zürich,Energy Zürich,CH,Kommerzielles Privatradio,Vincenzo,http://www.energy.ch/zurich/,DE,Ringier AG,,energy_ch,5'269,3'647,https://twitter.com/energy_ch
Engadiner Post,Posta Ladina,CH,3x wöchentlich,Vincenzo,http://www.engadinerpost.ch/,DE,Gammeter Druck AG,@engadinerpost,Engadiner Post,634,10.4 Tsd,https://twitter.com/engadinerpost
Entlebucher Anzeiger,Entlebucher Anzeiger,CH,2x wöchentlich,Vincenzo,http://www.entlebucher-anzeiger.ch/,DE,Verlag Entlebucher Anzeiger,@EntlebucherAnz,Entlebucher Anzeiger,132,2'873,https://twitter.com/EntlebucherAnz
Europäisches Journalismus-Observatorium | EJO ,,D,,Vincenzo,http://de.ejo-online.eu/,,,@ejo_de,Das Europäische Journalismus-Observatorium beobachtet Trends im Journalismus in Europa & den USA und will eine Brücke zwischen Wissenschaft und Praxis schlagen.,733,852,https://twitter.com/ejo_de
fehler.li ,,CH,,Vincenzo,,,,@fehlerli,Unter www.fehler.li sammeln Jungjournalisten des @IAM_Winterthur Fehler aus der tagesaktuellen Berichterstattung. Es twittern @konradweber und @MariusGrieder.,216,248,https://twitter.com/fehlerli
Finanz und Wirtschaft,Finanz und Wirtschaft,CH,Zeitschrift,Vincenzo,http://www.fuw.ch/,DE,Verlag Finanz und Wirtschaft AG (Tamedia),@FuW_News,Finanz u. Wirtschaft,3'046,11.2 Tsd,https://twitter.com/FuW_News
finanzen.ch,"finanzen.ch
 (ehemals stocks.ch)",CH,Finanzportal / Newsportal,Vincenzo,http://www.finanzen.ch,DE,Axel Springer Schweiz AG,@finanzenCH,finanzen.ch ,818,9'025,https://twitter.com/finanzenCH
finews.ch,finews.ch,CH,,Vincenzo,http://www.finews.ch/,DE,,@finews_ch,finews.ch,3609,17 Tsd,https://twitter.com/finews_ch?lang=de
FM1today,FM1today,CH,Onlineportal,Vincenzo,http://www.fm1today.ch/,DE,,@fm1today,FM1Today,221,220,https://twitter.com/fm1today?lang=de
"fög (Jahrbuch ""Qualität der Medien""), fög / UZH",,CH,Forschungsinstitut Öffentlichkeit und Gesellschaft ,Vincenzo,http://www.foeg.uzh.ch,DE,,@foegUZH,,1132,677,https://twitter.com/foegUZH
Goldbach Group,,CH,,Vincenzo,,,,@GoldbachGroup ,Goldbach Group,1'114,921,https://twitter.com/GoldbachGroup
Grenchner Tagblatt,Grenchner Tagblatt,CH,Tageszeitung,Vincenzo,http://www.grenchnertagblatt.ch,DE,AZ Medien AG,@azGrenchen,azGrenchnerTagblatt,126,4'836,https://twitter.com/azGrenchen
Handelszeitung,Handelszeitung,CH,Wochenzeitung,Vincenzo,http://www.handelszeitung.ch/,DE,Axel Springer Schweiz AG,@Handelszeitung,Handelszeitung,3'092,16.4 Tsd,https://twitter.com/Handelszeitung
Helvezin,Helvezin,CH,Magazin,Vincenzo,http://www.helvezin.ch/,DE,,@Helvezin,,239,267,https://twitter.com/Helvezin?lang=de
"IAM, Institut für Angewandte Medienwissenschaft, ZHAW",,CH,,Vincenzo,http://linguistik.zhaw.ch/de/linguistik/institute-und-zentren/iam.html?pk_campaign=shortlink&pk_kwd=linguistik.zhaw.ch/iam,,,@IAM_Winterthur,"IAM professionalises the communication process in journalism and organisational communication. It offers education,vocational training,research and consultancy.",1339,382,https://twitter.com/IAM_Winterthur
Infamy,Infamy,CH,Newsportal,Vincenzo,http://infam.antville.org/,DE,Medienbüro Dominique Spirgi,@infamyblog,infamyblog,796,7'031,https://twitter.com/infamyblog
Inside Paradeplatz,Inside Paradeplatz,CH,Newsportal,Vincenzo,http://insideparadeplatz.ch/,DE,Inside Paradeplatz GmbH,@InsideParade,InsideParadeplatz,3'043,645,https://twitter.com/InsideParade
Joiz,Joiz,CH,TV-Station,Vincenzo,http://www.joiz.ch/home,DE,JOIZ SCHWEIZ AG,@JOIZTV,joiz Schweiz,21.7 Tsd,23.4 Tsd,https://twitter.com/JOIZTV
journal21 ,,CH,Internet-Zeitung,Vincenzo,https://www.journal21.ch/,DE,,@journal21,journal21,698,984,https://twitter.com/journal21
Jungfrau Zeitung,jungfrauzeitung.ch,CH,Newsplattform,Vincenzo,http://www.jungfrauzeitung.ch,DE,Gossweiler Media AG,@JungfrauZeitung,Jungfrau Zeitung ,869,5'707,https://twitter.com/JungfrauZeitung
Klartext,,CH,Medienmagazin,Vincenzo,http://www.klartext.ch/,DE,,@klartext_ch,KLARTEXT,1587,253,https://twitter.com/klartext_ch
Klotener Anzeiger,Klotener Anzeiger,CH,Wochenzeitung,Vincenzo,http://www.kloteneranzeiger.ch/,DE,Verlag Spross AG,@klotenanzeiger,Klotener Anzeiger,163,675,https://twitter.com/klotenanzeiger
Label TV,,CH,,Vincenzo,http://www.labeltv.com/,,,@labeltv,Label TV ,633,2'356,https://twitter.com/labeltv
LabelTV Music,,CH,,Vincenzo,http://www.labeltv.tv/,,,@labeltvmusic,LabelTV Music,265,1'668,https://twitter.com/labeltvmusic
Ladies Drive,Ladies Drive,CH,Businessmagazin (Kaderfrauen) 4x jährlich,Vincenzo,http://ladiesdrive.tv,DE,Swiss Ladies Drive GmbH,@LadiesDrive,Ladies Drive,239,324,https://twitter.com/LadiesDrive
"Landbote, Der",Der Landbote,CH,Tageszeitung,Vincenzo,http://www.landbote.ch/home,DE,Tamedia AG,@landbote,Landbote.ch,1'553,2'290,https://twitter.com/landbote
Liechtensteiner Vaterland,Liechtensteiner Vaterland,L/CH,Tageszeitung,Vincenzo,http://www.vaterland.li,DE,Vaduzer Medienhaus AG,@vaterlandnews,Vaterland Online ,786,16.8 Tsd,https://twitter.com/vaterlandnews
Liechtensteiner Volksblatt,LB,CH,Tageszeitung,Vincenzo,http://www.volksblatt.li,DE,Liechtensteiner Volksblatt AG,@Volksblatt,Liechtenstein VB,976,21.8 Tsd,https://twitter.com/Volksblatt
Limmattaler Zeitung,Limmattaler Zeitung,CH,Tageszeitung,Vincenzo,http://www.limmattalerzeitung.ch,DE,AZ Medien AG,@azLimmattaler,azLiZ,146,1'992,https://twitter.com/azLimmattaler
Luzerner Rundschau,,CH,,Vincenzo,http://luzerner-rundschau.ch/,,,@LuzeRund,Luzerner Rundschau,182,345,https://twitter.com/LuzeRund
M&K ,,CH,,Vincenzo,http://www.m-k.ch/,,,@MKRedaktion,Marketing & Kommunikation (M&K) ist die wichtigste Publikation der Marketing- und Kommunikationsbranche in der Schweiz.,1537,1440,https://twitter.com/MKRedaktion
"Maissen, Bernard",,CH,,Vincenzo,http://www.sda.ch/,,,@bernardmaissen,,114,41,https://twitter.com/bernardmaissen
MAZ Luzern ,,CH,,Vincenzo,http://www.maz.ch/home/,,,@mazluzern,Das MAZ - Die Schweizer Journalistenschule: Ausbildung und Weiterbildung für Medienschaffende und Kommunikationsfachleute,2351,1080,https://twitter.com/mazluzern
Medienkritik Schweiz ,,CH,,Vincenzo,http://medienkritik-schweiz.ch/,,,@MedienkritikCH,Seit 2010 dient http://www.medienkritik-schweiz.ch  als publizistische Plattform für die medienkritische Debatte in der Schweiz.,357,151,https://twitter.com/MedienkritikCH
medienkritisch.ch ,,CH,,Vincenzo,http://www.medienkritisch.ch/,,,@medien_kritisch,Die medienkritische Website über die deutschsprachige Medienlandschaft. Es twittern: @StephanStulz und @ManuelEgli,1559,427,https://twitter.com/medien_kritisch
MedienNewsCH ,,CH,,Vincenzo,http://www.o-ton.ch/,,,@MedienNewsCH,,117,725,https://twitter.com/MedienNewsCH
MedienObserver ,,CH,,Vincenzo,,,,@MedienObserver,observing and commenting newspapers and online media,220,45,https://twitter.com/MedienObserver
Medientipp ,,CH,,Vincenzo,http://www.medientipp.ch/,,,@medientipp,"Programm-, Film- und Medienhinweise zu Kirche, Religion und Gesellschaft",381,10.1 Tsd,https://twitter.com/medientipp
Medienwoche,,CH,,Vincenzo,http://medienwoche.ch/,,,@Medienwoche,Medienwoche,11.2 Tsd,2500,https://twitter.com/Medienwoche
Migros Magazin,migrosmagazin.ch,CH,Zeitschrift,Vincenzo,http://www.migrosmagazin.ch/,DE,Migros-Genossenschafts-Bund,@MigrosMagazin,Migros-Magazin,2'371,1'310,https://twitter.com/MigrosMagazin
Nebelspalter,Nebelspalter,CH,Zeitschrift,Vincenzo,http://www.nebelspalter.ch/,DE,Nebelspalter,@Nebelspalter,Nebelspalter,2'423,483,https://twitter.com/Nebelspalter
Neo1,Radio Emme,CH,Kommerzielles Privatradio,Vincenzo,http://www.radioemme.ch/home.html,DE,Radio neo1,@radio_neo1,neo1 - Mein Radio,203,2'502,https://twitter.com/radio_neo1
Neue Luzerner Zeitung,luzernerzeitung.ch,CH,Tageszeitung,Vincenzo,http://www.luzernerzeitung.ch/,DE,LZ Medien Holding AG (NZZ-Mediengruppe),@Neue_LZ,luzernerzeitung.ch,2'298,5'230,https://twitter.com/Neue_LZ
Neue Zuger Zeitung,luzernerzeitung.ch - zugerzeitung.ch,CH,Tageszeitung,Vincenzo,http://www.zugerzeitung.ch,DE,LZ Medien Holding AG (NZZ-Mediengruppe),@Neue_ZZ, zugerzeitung.ch ,232,2'634,https://twitter.com/Neue_ZZ
Neue Zürcher Zeitung,NZZ,CH,Tageszeitung,Vincenzo,http://www.nzz.ch/,DE,Neue Zürcher Zeitung AG,@NZZ,Neue Zürcher Zeitung,89.6 Tsd,32.8 Tsd,https://twitter.com/NZZ
newsaktuellCH,,CH,,Vincenzo,http://www.newsaktuell.ch/,DE,,@newsaktuellCH ,newsaktuellCH,521,798,https://twitter.com/newsaktuellCH
NewsMän,,CH,,Vincenzo,,,,@KueddeR,Bin der NewsMän. Verschicke News. Was sonst?,3646,56.3 Tsd,https://twitter.com/KueddeR
NZZ am Sonntag,NZZaS,CH,Sonntagszeitung,Vincenzo,http://www.nzz.ch/nzzas/nzz-am-sonntag/,DE,Neue Zürcher Zeitung AG,@NZZaS,NZZ am Sonntag,1'605,1'028,https://twitter.com/NZZaS
NZZ Folio,NZZ Folio,CH,Zeitschrift,Vincenzo,http://www.nzzfolio.ch/,DE,NZZ Media,@nzzfolio,NZZ Folio ,1'720,556,https://twitter.com/nzzfolio
NZZ Online,NZZ Online,CH,Tageszeitung,Vincenzo,http://www.nzz.ch,DE,NZZ Media,@NZZ_Online,NZZ Online,386,6'313,https://twitter.com/NZZ_Online
NZZ Reporter Data,,CH,,Vincenzo,http://www.nzz.ch/data/,,,@NZZData,NZZ Reporter/Daten,1'873,2'399,https://twitter.com/NZZData
NZZ Zürich,,CH,,Vincenzo,http://www.nzz.ch/zuerich/,,,@NZZzuerich,NZZ Zürich,1'057,1'074,https://twitter.com/NZZzuerich
NZZ-Netz,,CH,,Vincenzo,http://netz.nzz.ch/,,,@nzznetz,NZZ-Netz,633,221,https://twitter.com/nzznetz
NZZ.ch (Feed),,CH,,Vincenzo,http://www.nzz.ch/,,,@NZZfeed,NZZ.ch (Feed),13.8 Tsd,129 Tsd,https://twitter.com/NZZfeed
Onlinereports,Onlinereports,CH,Newsportal,Vincenzo,http://www.onlinereports.ch/,DE,OnlineReports GmbH,@OnlineReports,OnlineReports,847,1'570,https://twitter.com/OnlineReports
OstschweizAmSonntag,,CH,,Vincenzo,http://www.ostschweiz-am-sonntag.ch/,,,@persoenlichcom,persoenlich.com,164,11.1 Tsd,https://twitter.com/OstschweizamSon
ot Schweiz am Sonntag,ot Schweiz am Sonntag,CH,Sonntagszeitung,Vincenzo,http://ot.sonntagonline.ch/,DE,AZ Medien AG,@schweiz_sonntag,Schweiz am Sonntag,6'193,2'318,https://twitter.com/schweiz_Sonntag
persoenlich.com,,CH,,Vincenzo,http://www.persoenlich.com/,,,@persoenlichcom, persoenlich.com ,8'096,11.1 Tsd,https://twitter.com/persoenlichcom
Presseportal,Presseportal.ch,CH,Presseportal,Vincenzo,http://www.presseportal.ch,DE,news aktuell (Schweiz) AG,@presseportal_ch,presseportal.ch,856,57.5 Tsd,https://twitter.com/presseportal_ch
PUNKTmagazin,,CH,,Vincenzo,http://www.punktmagazin.ch/,,,@PUNKTmagazin,PUNKTmagazin,467,948,https://twitter.com/PUNKTmagazin
Quajou,,CH,,Vincenzo,http://www.quajou.ch/,,,@Quajou,Verein für Qualität im Journalismus,490,575,https://twitter.com/Quajou
Radio 24,Radio 24,CH,Kommerzielles Privatradio,Vincenzo,http://www.radio24.ch/,DE,Radio 24 AG,@radio24,Radio 24,5'508,3'235,https://twitter.com/radio24
Radio 32,Radio 32,CH,Kommerzielles Privatradio,Vincenzo,http://www.radio32.ch/,DE,Radio 32 AG,@radio32ag,Radio 32,386,764,https://twitter.com/radio32ag
Radio 3fach,Radio 3fach,CH,nicht-kommerzorientiertes Lokalradio,Vincenzo,http://www.3fach.ch/,DE,Radio 3FACH,@Radio3FACH,Radio 3FACH,2'548,3'538,https://twitter.com/Radio3FACH
Radio Argovia,Radio Argovia,CH,Kommerzielles Privatradio,Vincenzo,http://www.argovia.ch/,DE,Radio Argovia AG,@RadioArgovia,Radio Argovia ,1'270,1'959,https://twitter.com/RadioArgovia
Radio Basilisk,Radio Basilisk,CH,Kommerzielles Privatradio,Vincenzo,http://www.basilisk.ch/startseite,DE,Radio Basilisk Betriebs AG,@Radio_Basilisk,Radio Basilisk ,3'140,2'053,https://twitter.com/Radio_Basilisk
Radio Bern 1,Radio Bern 1,CH,Kommerzielles Privatradio,Vincenzo,http://www.radiobern1.ch/,DE,Radio Bern1 AG,@RADIOBERN1,RADIO BERN1,63,273,https://twitter.com/RADIOBERN1
Radio Central,Radio Central,CH,Kommerzielles Privatradio,Vincenzo,http://www.radiocentral.ch/,DE,Radio Central AG,@radiocentral_ch,Radio Central,131,2'310,https://twitter.com/radiocentral_ch
Radio Energy,Radio Energy,CH,Radio,Vincenzo,http://www.energy.ch,DE,Ringier AG,@energy_ch,energy_ch,5'269,3'647,https://twitter.com/energy_ch
Radio Grischa,Radio Grischa,CH,Kommerzielles Privatradio,Vincenzo,http://www.radiogrischa.ch/,DE,Südostschweiz Radio AG,@radiogrischa,Radio Grischa ,1'997,10 Tsd,https://twitter.com/radiogrischa
Radio Inside,Radio Inside,CH,Kommerzielles Privatradio,Vincenzo,http://radioinside.ch/,DE,Zofinger Tagblatt AG,@radio_inside,Radio Inside,757,345 Tsd,https://twitter.com/radio_inside
Radio Kaiseregg,Radio Kaiseregg,CH,nicht-kommerzorientiertes Lokalradio,Vincenzo,http://www.kaiseregg.ch/,DE,Kaiseregg Media GmbH,@radiokaiseregg,Radio Kaiseregg,102,85,https://twitter.com/radiokaiseregg
Radio Life Channel,Radio Life Channel,CH,nicht-kommerzorientiertes Lokalradio (christlich),Vincenzo,http://www.erf-medien.ch/radio-life-channel,DE,ERF Medien,@Life_Channel,Radio Life Channel ,1'536,2'850,https://twitter.com/Life_Channel
Radio Pilatus,Radio Pilatus,CH,Kommerzielles Privatradio,Vincenzo,http://www.radiopilatus.ch/,DE,Radio Pilatus AG,@radiopilatus,Radio Pilatus,2'152,8'006,https://twitter.com/radiopilatus
Radio RaBe,Radio RaBe,CH,nicht-kommerzorientiertes Lokalradio,Vincenzo,http://www.rabe.ch/,DE,Radio RaBe,@radiorabe,Radio Bern 95.6 FM,700,3'709,https://twitter.com/radiorabe
Radio Rottu Oberwallis,rro,CH,Radio,Vincenzo,http://www.rro.ch,DE,Radio Rottu Oberwallis AG,@radio_rottu,rro - radio rottu,1'016,22.2 Tsd,https://twitter.com/radio_rottu
Radio Stadtfilter,Radio Stadtfilter,CH,nicht-kommerzorientiertes Lokalradio,Vincenzo,http://www.stadtfilter.ch/,DE,Verein Radio Stadtfilter,@stadtfilter,Radio Stadtfilter ,481,3'167,https://twitter.com/stadtfilter
Radio Sunshine,Radio Sunshine,CH,Kommerzielles Privatradio,Vincenzo,http://www.sunshine.ch/,DE,Radio Sunshine AG,@radiosunshine,Radio Sunshine ,435,2'122,https://twitter.com/radiosunshine
Radio Top,Radio Top,CH,Kommerzielles Privatradio,Vincenzo,http://www.radiotop.ch/,DE,RADIO TOP AG,@RADIO_TOP_CH,RADIO TOP,571,2'017,https://twitter.com/RADIO_TOP_CH
Radio Zürisee,Radio Zürisee,CH,Kommerzielles Privatradio,Vincenzo,http://www.radio.ch/,DE,Radio Zürisee AG,@zuerisee,Radio Zürisee,1'866,3'400,https://twitter.com/zuerisee
Ringier AG,,CH,,Vincenzo,,,,@ringier_ag ,Ringier AG,787,630,https://twitter.com/ringier_ag
rontaler,,CH,,Vincenzo,http://www.rontaler.ch/,,,@_rontaler,rontaler,129,117,https://twitter.com/_rontaler
Schaffhauser Nachrichten,Schaffhauser Nachrichten,CH,Tageszeitung,Vincenzo,http://www.shn.ch/,DE,Meier + Cie AG,@SHN_News,SN-Redaktion,672,2'198,https://twitter.com/SHN_News
Schweiz am Sonntag,Schweiz am Sonntag,CH,Sonntagszeitung,Vincenzo,http://www.schweizamsonntag.ch/,DE,AZ Medien AG,@schweiz_sonntag,Schweiz am Sonntag,6'193,2'318,https://twitter.com/schweiz_Sonntag
Schweiz am Sonntag Aargau,Schweiz am Sonntag Aargau,CH,Sonntagszeitung,Vincenzo,http://www.schweizamsonntag.ch/,DE,AZ Medien AG,@schweiz_sonntag,Schweiz am Sonntag,6'193,2'318,https://twitter.com/schweiz_Sonntag
Schweiz am Sonntag Basel,Schweiz am Sonntag Basel,CH,Sonntagszeitung,Vincenzo,http://www.schweizamsonntag.ch/basel/,DE,AZ Medien AG,@schweiz_sonntag,Schweiz am Sonntag,6'193,2'318,https://twitter.com/schweiz_Sonntag
Schweiz am Sonntag Limmattal,Schweiz am Sonntag Limmattal,CH,Sonntagszeitung,Vincenzo,http://www.schweizamsonntag.ch/,DE,AZ Medien AG,@schweiz_sonntag,Schweiz am Sonntag,6'193,2'318,https://twitter.com/schweiz_Sonntag
Schweiz am Sonntag Solothurn/Oberaargau,Schweiz am Sonntag Solothurn/Oberaargau,CH,Sonntagszeitung,Vincenzo,http://www.schweizamsonntag.ch/,DE,AZ Medien AG,@schweiz_sonntag,Schweiz am Sonntag,6'193,2'318,https://twitter.com/schweiz_Sonntag
"Schweiz am Sonntag, Nordwestschweiz","Schweiz am Sonntag, Nordwestschweiz",CH,Sonntagszeitung,Vincenzo,http://www.schweizamsonntag.ch/,DE,AZ Medien AG,@schweiz_sonntag,Schweiz am Sonntag,6'193,2'318,https://twitter.com/schweiz_Sonntag
"Schweiz am Sonntag, Südostschweiz","Schweiz am Sonntag, Südostschweiz",CH,Sonntagszeitung,Vincenzo,http://www.schweizamsonntag.ch/,DE,AZ Medien AG,@schweiz_sonntag,Schweiz am Sonntag,6'193,2'318,https://twitter.com/schweiz_Sonntag
Schweizer Familie,Schweizer Familie,CH,Zeitschrift,Vincenzo,http://www.schweizerfamilie.ch/,DE,Verlag Schweizer Familie (Tamedia AG),@chfamilie,«Schweizer Familie» ,191,233,https://twitter.com/chfamilie
Schweizer Illustrierte,Schweizer Illustrierte,CH,Zeitschrift,Vincenzo,http://www.schweizer-illustrierte.ch/,DE,Ringier AG,@schweizerillu,SI,3'019,13 Tsd,https://twitter.com/schweizerillu
Schweizer Radio und Fernsehen,SRF,CH,"öffentlicher Rundfunk, TV",Vincenzo,http://www.srf.ch/,DE,Schweizer Radio und Fernsehen,@SRF,SRF,16.9 Tsd,5'838,https://twitter.com/SRF
Seetaler Bote,Seetaler Bote,CH,Wochenzeitung,Vincenzo,http://www.seetalerbote.ch/,DE,SWS Medien AG Verlag,@SeetalerBote,Seetaler Bote,179,4'517,https://twitter.com/SeetalerBote
SI Style,Schweizer Illustrierte Style,CH,Zeitschrift,Vincenzo,http://www.sistyle.ch/,DE,Ringier AG,@SIStyle_Magazin,SI Style,205,525,https://twitter.com/SIStyle_Magazin
SonntagsBlick,Sonntags-Blick,CH,Sonntagszeitung,Vincenzo,http://www.blick.ch/sonntagsblick/,DE,Ringier AG,@sonntags_blick,SonntagsBlick,455,46,https://twitter.com/sonntags_blick
SonntagsZeitung,sonntagszeitung.ch,CH,Sonntags-Zeitung,Vincenzo,http://www.sonntagszeitung.ch,DE,Tamedia AG,@sonntagszeitung,SonntagsZeitung,8'792,4'145,https://twitter.com/sonntagszeitung
sport.ch,,CH,,Vincenzo,http://www.sport.ch/,,,@sportch,sport.ch ,2'879,18.8 Tsd,https://twitter.com/sportch
SRF 1,SRF 1,CH,TV-Station,Vincenzo,http://www.srf.ch/tv,DE,SRG SSR,@SRF,SRF,16.9 Tsd,5'838,https://twitter.com/SRF
SRF 2,SRF Kultur,CH,öffentlich-rechtlicher Rundfunk,Vincenzo,http://www.srf.ch/radio-srf-2-kultur,DE,SRG SSR,@srfkultur,SRF Kultur,5'649,4'470,https://twitter.com/srfkultur
SRF 2,SRF 2,CH,TV-Station,Vincenzo,http://www.srf.ch/tv,DE,SRG SSR,@SRF,SRF,16.9 Tsd,5'838,https://twitter.com/SRF
SRF 3,SRF 3,CH,öffentlich-rechtlicher Rundfunk,Vincenzo,http://www.srf.ch/radio-srf-3,DE,SRG SSR,@srf3,SRF 3,44.7 Tsd,11.1 Tsd,https://twitter.com/srf3
SRF 4 News,SRF 4 News,CH,öffentlich-rechtlicher Rundfunk,Vincenzo,http://www.srf.ch/radio-srf-4-news,DE,SRG SSR,@srfnews,SRF News,43.5 Tsd,75 Tsd,https://twitter.com/srfnews
SRF Info,SRF Info,CH,TV-Station,Vincenzo,http://www.srf.ch/tv,DE,SRG SSR,@SRF,SRF,16.9 Tsd,5'838,https://twitter.com/SRF
SRF Regionaljournal,,CH,,Vincenzo,http://www.srf.ch/sendungen/regionaljournal-bern-freiburg-wallis,,,@srfbern,SRF Regionaljournal,2'448,3'240,https://twitter.com/srfbern
SRF Regionaljournal,,CH,,Vincenzo,http://www.srf.ch/news/regional/ostschweiz,,,@srf_ostschweiz,SRF Regionaljournal,2'367,5'030,https://twitter.com/srf_ostschweiz
SRF Regionaljournal,,CH,,Vincenzo,http://www.srf.ch/news/regional/zuerich-schaffhausen,,,@srfzuerich,SRF Regionaljournal,1'425,2'598,https://twitter.com/srfzuerich
SRF Regionaljournal,,CH,,Vincenzo,http://www.srf.ch/news/regional/zentralschweiz,,,@srfluzern,SRF Regionaljournal,859,2'298,https://twitter.com/srfluzern
SRF Sport,,CH,,Vincenzo,http://www.srf.ch/sport,,,@srfsport,SRF Sport,38.4 Tsd,33.5 Tsd,https://twitter.com/srfsport
SRF Virus,SRF Virus,CH,öffentlich-rechtlicher Rundfunk,Vincenzo,http://www.virus.ch/,DE,SRG SSR,@srfvirus,SRF Virus,4'689,13.6 Tsd,https://twitter.com/srfvirus
SRG Deutschschweiz ,SRG Deutschschweiz ,CH,,Vincenzo,http://www.srgd.ch/,DE,,@srg_d,,672,685,https://twitter.com/srg_d
SRG Insider,SRG Insider,CH,,Vincenzo,http://www.srginsider.ch/,DE,SRG Deutschschweiz,@srginsider,SRG Insider,686,844,https://twitter.com/srginsider?lang=de
St. Galler Tagblatt,St. Galler Tagblatt,CH,Tageszeitung,Vincenzo,http://www.tagblatt.ch/,DE,St.Galler Tagblatt AG,@tagblatt_ch,Tagblatt Online,1'307,1'116,https://twitter.com/tagblatt_ch
Südostschweiz - Bündner Tagblatt,Südostschweiz - Bündner Tagblatt,CH,Tageszeitung,Vincenzo,http://www.suedostschweiz.ch/zeitung/buendner-tagblatt,DE,Südostschweiz Presse und Print AG (Somedia),@suedostschweiz,Die Südostschweiz,2'415,31.9 Tsd,https://twitter.com/suedostschweiz
Südostschweiz - Gaster und See,Südostschweiz - Gaster und See,CH,Tageszeitung,Vincenzo,http://www.suedostschweiz.ch/region/gaster_see,DE,Südostschweiz Presse und Print AG (Somedia),@suedostschweiz,Die Südostschweiz,2'415,31.9 Tsd,https://twitter.com/suedostschweiz
Südostschweiz - Glarus,Südostschweiz - Glarus,CH,Tageszeitung,Vincenzo,http://www.suedostschweiz.ch/region/glarus,DE,Südostschweiz Presse und Print AG (Somedia),@suedostschweiz,Die Südostschweiz,2'415,31.9 Tsd,https://twitter.com/suedostschweiz
Südostschweiz - Graubünden,Südostschweiz - Graubünden,CH,Tageszeitung,Vincenzo,http://www.suedostschweiz.ch/region/graubuenden,DE,Südostschweiz Presse und Print AG (Somedia),@suedostschweiz,Die Südostschweiz,2'415,31.9 Tsd,https://twitter.com/suedostschweiz
Südostschweiz - La Quotidiana,Südostschweiz - La Quotidiana,CH,Tageszeitung,Vincenzo,http://www.suedostschweiz.ch/zeitung/la-quotidiana,RM,Südostschweiz Presse und Print AG (Somedia),@suedostschweiz,Die Südostschweiz,2'415,31.9 Tsd,https://twitter.com/suedostschweiz
Südostschweiz am Sonntag - Gaster und See,Südostschweiz am Sonntag - Gaster und See,CH,Sonntagszeitung,Vincenzo,http://www.suedostschweiz.ch/region/gaster_see,DE,Südostschweiz Presse und Print AG (Somedia),@suedostschweiz,Die Südostschweiz,2'415,31.9 Tsd,https://twitter.com/suedostschweiz
Südostschweiz am Sonntag - Glarus,Südostschweiz am Sonntag - Glarus,CH,Sonntagszeitung,Vincenzo,http://www.suedostschweiz.ch/region/glarus,DE,Südostschweiz Presse und Print AG (Somedia),@suedostschweiz,Die Südostschweiz,2'415,31.9 Tsd,https://twitter.com/suedostschweiz
Südostschweiz am Sonntag - Graubünden,Südostschweiz am Sonntag - Graubünden,CH,Sonntagszeitung,Vincenzo,http://www.suedostschweiz.ch/region/graubuenden,DE,Südostschweiz Presse und Print AG (Somedia),@suedostschweiz,Die Südostschweiz,2'415,31.9 Tsd,https://twitter.com/suedostschweiz
Südostschweiz Medien,,CH,,Vincenzo,,,,@somedien,Südostschweiz Medien,442,9'023,https://twitter.com/somedien
"Südostschweiz, Die",Die Südostschweiz,CH,Tageszeitung,Vincenzo,http://www.suedostschweiz.ch,DE,Südostschweiz Presse und Print AG (Somedia),@suedostschweiz,Die Südostschweiz,2'415,31.9 Tsd,https://twitter.com/suedostschweiz
Swiss Music Export,,CH,,Vincenzo,http://swiss-music-export.com/,,,@swissmusicxport,Swiss Music Export,1'130,171,https://twitter.com/swissmusicxport
Swissinfo,Swissinfo,CH,Newsportal,Vincenzo,http://www.swissinfo.ch,DE,SRG SSR,@swissinfo_de,swissinfo.ch,1'999,4'348,https://twitter.com/swissinfo_de
Swiss Radioworld AG,Swiss Radio AG,CH,Private Radiostation,Vincenzo,http://www.swissradioworld.ch/,DE,,@Swissradioworld,swiss radioworld AG,173,401,https://twitter.com/Swissradioworld?lang=de
TA Politik,,CH,Tageszeitung,Vincenzo,,DE,,@TA_Politik,TA Politik,4334,9441,https://twitter.com/TA_Politik
Tagblatt der Stadt Zürich,Tagblatt der Stadt Zürich,CH,Wochenblatt,Vincenzo,http://www.tagblattzuerich.ch/meta/home.html,DE,Tamedia AG,@TagblattZuerich,Tagblatt Zürich,116,201,https://twitter.com/TagblattZuerich
Tages-Anzeiger,Tagi,CH,Tageszeitung,Vincenzo,http://www.tagesanzeiger.ch,DE,Tamedia AG,@tagesanzeiger,Tages-Anzeiger,24.3 Tsd,9'667,https://twitter.com/tagesanzeiger
TagesWoche,tageswoche.ch,CH,Wochenzeitung (aber täglich im Internet),Vincenzo,http://www.tageswoche.ch,DE,Neue Medien Basel AG,@tageswoche,TagesWoche,8'088,8'474,https://twitter.com/tageswoche
Tamedia AG,,CH,,Vincenzo,,,,@Tamedia,Tamedia AG,474,224,https://twitter.com/Tamedia
TELE,tele.ch,CH,Zeitschrift,Vincenzo,http://www.tele.ch,DE,Axel Springer Schweiz AG,@TELE_ch,TELE,681,5'993,https://twitter.com/TELE_ch
Tele 1,Tele 1,CH,TV-Station,Vincenzo,http://www.tele1.ch/,DE,Tele1 AG,@Tele1ZF,Tele 1,531,1'237,https://twitter.com/Tele1ZF
Tele Bärn,Tele Bärn,CH,TV-Station,Vincenzo,http://www.telebaern.tv/,DE,AZ Regionalfernsehen AG,@TeleBaernTV,TeleBärn,653,417,https://twitter.com/TeleBaernTV
Tele Basel,Tele Basel,CH,TV-Station,Vincenzo,http://www.telebasel.ch/,DE,Tele Basel,@Telebasel,Telebasel,1'578,2'326,https://twitter.com/Telebasel
Tele Blocher,Tele Blocher,CH,TV-Station,Vincenzo,http://www.teleblocher.ch/,DE,Schaffhauser Fernsehen,@Teleblocher,Teleblocher,564,66,https://twitter.com/Teleblocher
Tele Südostschweiz,TSO,CH,TV-Station,Vincenzo,http://www.telesuedostschweiz.ch/,DE,Tele Südostschweiz,@redaktion_tso,Tele Südostschweiz,497,588,https://twitter.com/redaktion_tso
Tele Top,Tele Top,CH,TV-Station,Vincenzo,http://www.teletop.ch/,DE,Top-Medien,@TELETOPCH,TELE TOP,389,260,https://twitter.com/TELETOPCH
Tele Züri,Tele Züri,CH,TV-Station,Vincenzo,http://www.telezueri.ch/,DE,AZ Medien AG,@MarkusGilli,Markus Gilli,4'614,1'601,https://twitter.com/MarkusGilli
Teleclub,Teleclub,CH,TV-Station,Vincenzo,http://www.teleclub.ch/,DE,Teleclub AG,@TeleclubAG,Teleclub AG,137,398,https://twitter.com/TeleclubAG
Thurgauer Zeitung,Thurgauer Zeitung,CH,Tageszeitung,Vincenzo,http://www.thurgauerzeitung.ch/,DE,St.Galler Tagblatt AG,@tagblatt_ch,Tagblatt Online,1'307,1'116,https://twitter.com/tagblatt_ch
Toggenburger Tagblatt,Toggenburger Tagblatt,CH,Tageszeitung,Vincenzo,http://www.toggenburgertagblatt.ch/,DE,St.Galler Tagblatt AG,@tagblatt_ch,Tagblatt Online,1'307,1'116,https://twitter.com/tagblatt_ch
Toxic.fm,Toxic.fm,CH,nicht-kommerzorientiertes Lokalradio,Vincenzo,http://www.toxic.fm/,DE,Toxic.fm,@toxicfm,toxic.fm,917,1'852,https://twitter.com/toxicfm
TVO,TVO,CH,TV-Station,Vincenzo,http://www.tvo-online.ch/,DE,Tagblatt Medien,@tvo_online,TVO AG,778,672,https://twitter.com/tvo_online
Urner Wochenblatt,Urner Wochenblatt,CH,2x wöchentlich,Vincenzo,http://www.urnerwochenblatt.ch/start.asp?level=2,DE,Gisler Druck AG,@_Wochenblatt,Urner Wochenblatt,196,1'794,https://twitter.com/_Wochenblatt
"UVEK, Eidgenössisches Departement für Umwelt, Verkehr, Energie und Kommunikation UVEK",,CH,,Vincenzo,http://www.uvek.admin.ch/,,,@UVEK,,4435,2504,https://twitter.com/UVEK
Volksstimme,Volksstimme (Oberbaselbiet),CH,3x wöchentlich,Vincenzo,http://www.volksstimme.ch/,DE,Schaub Medien AG,@Volksstimme_CH,Volksstimme,447,11.7 Tsd,https://twitter.com/Volksstimme_CH
Watson,Watson,CH,Newsportal,Vincenzo,www.watson.ch,DE,FixxPunkt AG (AZ Medien AG),@watson_news,watson,12.9 Tsd,6'779,https://twitter.com/watson_news
"Weltwoche, die",Weltwoche,CH,Wochenzeitung,Vincenzo,http://www.weltwoche.ch,DE,Weltwoche Verlags AG,@Weltwoche,Die Weltwoche ,23.5 Tsd,1'888,https://twitter.com/Weltwoche
Werbewoche,Werbe Woche,CH,alle 2 Monate (PR),Vincenzo,http://www.werbewoche.ch,DE,Medien&Medizin Verlag MMV AG,@Werbewoche, Werbewoche.ch ,3'271,8'278,https://twitter.com/Werbewoche
Wiler Zeitung,Wiler Zeitung,CH,Tageszeitung,Vincenzo,http://www.wilerzeitung.ch/,DE,St.Galler Tagblatt AG,@WilerZeitung,Wiler Zeitung ,136,552,https://twitter.com/WilerZeitung
Willisauer Bote,WB,CH,2x wöchentlich,Vincenzo,http://www.willisauerbote.ch/,DE,SWS Medien AG,@WillisauerBote,Willisauer Bote,1'176,5'976,https://twitter.com/WillisauerBote
"Wochenzeitung, Die",WOZ,CH,Wochenzeitung,Vincenzo,http://www.woz.ch,DE,WOZ Die Wochenzeitung,@Wochenzeitung,WOZ,11.4 Tsd,1'714,https://twitter.com/Wochenzeitung
"Zeit, Die (Schweiz)",Die Zeit (Schweiz),DE/CH,Wochenzeitung,Vincenzo,http://www.zeit.de/themen/international/zeit-schweiz/index,DE,Zeitverlag Gerd Bucerius GmbH & Co. KG,@zeitschweiz,ZEIT SCHWEIZ,526,593,https://twitter.com/zeitschweiz
Zentral+,Zentralplus,CH,Newsportal,Vincenzo,http://www.zentralplus.ch,DE,MMV online AG,@zentralplus,zentralplus,814,1'219,https://twitter.com/zentralplus
ZO-Online,,CH,,Vincenzo,http://www.zol.ch/,,,@zo_online,ZO-Online,1'828,9'471,https://twitter.com/zo_online
Zofinger Tagblatt,Zofinger Tagblatt,CH,Tageszeitung,Vincenzo,http://www.zofingertagblatt.ch,DE,Zofinger Tagblatt AG,@zt_info,Zofinger Tagblatt ,250,948,https://twitter.com/zt_info
zt Schweiz am Sonntag,zt Schweiz am Sonntag,CH,Sonntagszeitung,Vincenzo,http://zt.sonntagonline.ch/,DE,AZ Medien AG,@schweiz_sonntag,Schweiz am Sonntag,6'193,2'318,https://twitter.com/schweiz_Sonntag
Zürcher Presseverein,,CH,,Vincenzo,http://www.presseverein.ch/,,,@presseverein_zh,Journalistinnen und Journalisten im Grossraum Zürich. Sektion von impressum.,1719,1120,https://twitter.com/presseverein_zh
Zürichsee Zeitung,"zsz.ch, ZSZ",CH,Tageszeitung,Vincenzo,http://www.zsz.ch,DE,Tamedia AG,@ZSZonline,Zürichsee-Zeitung,201,471,https://twitter.com/ZSZonline
Zürichsee Zeitung Bezirk Horgen,Zürichsee Zeitung Bezirk Horgen,CH,Tageszeitung,Vincenzo,http://www.zsz.ch/horgen/index.html,DE,Tamedia AG,@ZSZonline,Zürichsee-Zeitung,201,471,https://twitter.com/ZSZonline
Zürichsee Zeitung Bezirk Meilen,Zürichsee Zeitung Bezirk Meilen,CH,Tageszeitung,Vincenzo,http://www.zsz.ch/meilen/index.html,DE,Tamedia AG,@ZSZonline,Zürichsee-Zeitung,201,471,https://twitter.com/ZSZonline
Zürichsee Zeitung Obersee,Zürichsee Zeitung Obersee,CH,Tageszeitung,Vincenzo,http://www.zsz.ch/obersee/index.html,DE,Tamedia AG,@ZSZonline,Zürichsee-Zeitung,201,471,https://twitter.com/ZSZonline
